,Procedure,Outcome,Features,Model,Rep,Fold,FPR,TPR,Thresholds
0,Fusion,High_Health_Utilizer,Health_Util_Features,Full_dataset,0,0,0.0,0.0,inf
1,Fusion,High_Health_Utilizer,Health_Util_Features,Full_dataset,0,0,0.0004100041000410004,0.0,0.8824127227441303
2,Fusion,High_Health_Utilizer,Health_Util_Features,Full_dataset,0,0,0.0004100041000410004,0.0066518847006651885,0.8555095438729372
3,Fusion,High_Health_Utilizer,Health_Util_Features,Full_dataset,0,0,0.0008200082000820008,0.0066518847006651885,0.8544327129505322
4,Fusion,High_Health_Utilizer,Health_Util_Features,Full_dataset,0,0,0.0008200082000820008,0.011086474501108648,0.8523944953949191
5,Fusion,High_Health_Utilizer,Health_Util_Features,Full_dataset,0,0,0.0012300123001230013,0.011086474501108648,0.851489504434468
6,Fusion,High_Health_Utilizer,Health_Util_Features,Full_dataset,0,0,0.0012300123001230013,0.013303769401330377,0.8513644474882646
7,Fusion,High_Health_Utilizer,Health_Util_Features,Full_dataset,0,0,0.002050020500205002,0.013303769401330377,0.8506614176370818
8,Fusion,High_Health_Utilizer,Health_Util_Features,Full_dataset,0,0,0.002050020500205002,0.019955654101995565,0.8440399228678848
9,Fusion,High_Health_Utilizer,Health_Util_Features,Full_dataset,0,0,0.0024600246002460025,0.019955654101995565,0.8419735689886411
10,Fusion,High_Health_Utilizer,Health_Util_Features,Full_dataset,0,0,0.0024600246002460025,0.028824833702882482,0.828555168056361
11,Fusion,High_Health_Utilizer,Health_Util_Features,Full_dataset,0,0,0.003280032800328003,0.028824833702882482,0.8236683842608801
12,Fusion,High_Health_Utilizer,Health_Util_Features,Full_dataset,0,0,0.003280032800328003,0.031042128603104215,0.8234934268889083
13,Fusion,High_Health_Utilizer,Health_Util_Features,Full_dataset,0,0,0.0036900369003690036,0.031042128603104215,0.8233573343270615
14,Fusion,High_Health_Utilizer,Health_Util_Features,Full_dataset,0,0,0.0036900369003690036,0.03547671840354767,0.82141628467476
15,Fusion,High_Health_Utilizer,Health_Util_Features,Full_dataset,0,0,0.004100041000410004,0.03547671840354767,0.8208662222323143
16,Fusion,High_Health_Utilizer,Health_Util_Features,Full_dataset,0,0,0.004100041000410004,0.037694013303769404,0.8201794249770342
17,Fusion,High_Health_Utilizer,Health_Util_Features,Full_dataset,0,0,0.004510045100451004,0.037694013303769404,0.8190708027700064
18,Fusion,High_Health_Utilizer,Health_Util_Features,Full_dataset,0,0,0.004510045100451004,0.03991130820399113,0.8184342372742678
19,Fusion,High_Health_Utilizer,Health_Util_Features,Full_dataset,0,0,0.004920049200492005,0.03991130820399113,0.8182547816352072
20,Fusion,High_Health_Utilizer,Health_Util_Features,Full_dataset,0,0,0.004920049200492005,0.04212860310421286,0.8174101822269622
21,Fusion,High_Health_Utilizer,Health_Util_Features,Full_dataset,0,0,0.005740057400574006,0.04212860310421286,0.8162965373952061
22,Fusion,High_Health_Utilizer,Health_Util_Features,Full_dataset,0,0,0.005740057400574006,0.04434589800443459,0.8155270445532068
23,Fusion,High_Health_Utilizer,Health_Util_Features,Full_dataset,0,0,0.006970069700697007,0.04434589800443459,0.8124096946212889
24,Fusion,High_Health_Utilizer,Health_Util_Features,Full_dataset,0,0,0.006970069700697007,0.04656319290465632,0.8092457101914238
25,Fusion,High_Health_Utilizer,Health_Util_Features,Full_dataset,0,0,0.008200082000820008,0.04656319290465632,0.8054831642391417
26,Fusion,High_Health_Utilizer,Health_Util_Features,Full_dataset,0,0,0.008200082000820008,0.04878048780487805,0.8041332756882393
27,Fusion,High_Health_Utilizer,Health_Util_Features,Full_dataset,0,0,0.01066010660106601,0.04878048780487805,0.8006377134717452
28,Fusion,High_Health_Utilizer,Health_Util_Features,Full_dataset,0,0,0.01066010660106601,0.050997782705099776,0.7998475149312474
29,Fusion,High_Health_Utilizer,Health_Util_Features,Full_dataset,0,0,0.011480114801148012,0.050997782705099776,0.7967100081877414
30,Fusion,High_Health_Utilizer,Health_Util_Features,Full_dataset,0,0,0.011480114801148012,0.05321507760532151,0.7940822404769439
31,Fusion,High_Health_Utilizer,Health_Util_Features,Full_dataset,0,0,0.013120131201312012,0.05321507760532151,0.7925990323753755
32,Fusion,High_Health_Utilizer,Health_Util_Features,Full_dataset,0,0,0.013120131201312012,0.05543237250554324,0.7925158195465072
33,Fusion,High_Health_Utilizer,Health_Util_Features,Full_dataset,0,0,0.013530135301353014,0.05543237250554324,0.7908330077390758
34,Fusion,High_Health_Utilizer,Health_Util_Features,Full_dataset,0,0,0.013530135301353014,0.0598669623059867,0.7891882787489511
35,Fusion,High_Health_Utilizer,Health_Util_Features,Full_dataset,0,0,0.013940139401394014,0.0598669623059867,0.789048954385981
36,Fusion,High_Health_Utilizer,Health_Util_Features,Full_dataset,0,0,0.013940139401394014,0.06651884700665188,0.7860313170604376
37,Fusion,High_Health_Utilizer,Health_Util_Features,Full_dataset,0,0,0.014350143501435014,0.06651884700665188,0.784183962053216
38,Fusion,High_Health_Utilizer,Health_Util_Features,Full_dataset,0,0,0.014350143501435014,0.06873614190687362,0.7838183408799957
39,Fusion,High_Health_Utilizer,Health_Util_Features,Full_dataset,0,0,0.015990159901599015,0.06873614190687362,0.7812620093089819
40,Fusion,High_Health_Utilizer,Health_Util_Features,Full_dataset,0,0,0.015990159901599015,0.07317073170731707,0.7797562123686261
41,Fusion,High_Health_Utilizer,Health_Util_Features,Full_dataset,0,0,0.016810168101681018,0.07317073170731707,0.7792052209091385
42,Fusion,High_Health_Utilizer,Health_Util_Features,Full_dataset,0,0,0.016810168101681018,0.07538802660753881,0.7788993540563728
43,Fusion,High_Health_Utilizer,Health_Util_Features,Full_dataset,0,0,0.018040180401804017,0.07538802660753881,0.7770177924723392
44,Fusion,High_Health_Utilizer,Health_Util_Features,Full_dataset,0,0,0.018040180401804017,0.07760532150776053,0.7765005549190606
45,Fusion,High_Health_Utilizer,Health_Util_Features,Full_dataset,0,0,0.01927019270192702,0.07760532150776053,0.7746186512211861
46,Fusion,High_Health_Utilizer,Health_Util_Features,Full_dataset,0,0,0.01927019270192702,0.082039911308204,0.7731683092340729
47,Fusion,High_Health_Utilizer,Health_Util_Features,Full_dataset,0,0,0.02009020090200902,0.082039911308204,0.7701269305784594
48,Fusion,High_Health_Utilizer,Health_Util_Features,Full_dataset,0,0,0.02009020090200902,0.08425720620842572,0.7695381538065774
49,Fusion,High_Health_Utilizer,Health_Util_Features,Full_dataset,0,0,0.02050020500205002,0.08425720620842572,0.7687521928110724
50,Fusion,High_Health_Utilizer,Health_Util_Features,Full_dataset,0,0,0.02050020500205002,0.08647450110864745,0.7686777566288778
51,Fusion,High_Health_Utilizer,Health_Util_Features,Full_dataset,0,0,0.02132021320213202,0.08647450110864745,0.7677125906915094
52,Fusion,High_Health_Utilizer,Health_Util_Features,Full_dataset,0,0,0.02132021320213202,0.08869179600886919,0.7667704504110215
53,Fusion,High_Health_Utilizer,Health_Util_Features,Full_dataset,0,0,0.021730217302173022,0.08869179600886919,0.7663862740559141
54,Fusion,High_Health_Utilizer,Health_Util_Features,Full_dataset,0,0,0.021730217302173022,0.09312638580931264,0.7643842401664472
55,Fusion,High_Health_Utilizer,Health_Util_Features,Full_dataset,0,0,0.02214022140221402,0.09312638580931264,0.7642970560304555
56,Fusion,High_Health_Utilizer,Health_Util_Features,Full_dataset,0,0,0.02214022140221402,0.0975609756097561,0.7626766766439562
57,Fusion,High_Health_Utilizer,Health_Util_Features,Full_dataset,0,0,0.022550225502255022,0.0975609756097561,0.7624388146210034
58,Fusion,High_Health_Utilizer,Health_Util_Features,Full_dataset,0,0,0.022550225502255022,0.09977827050997783,0.7621370778490354
59,Fusion,High_Health_Utilizer,Health_Util_Features,Full_dataset,0,0,0.024190241902419023,0.09977827050997783,0.7603775138773734
60,Fusion,High_Health_Utilizer,Health_Util_Features,Full_dataset,0,0,0.024190241902419023,0.10199556541019955,0.7597641834447678
61,Fusion,High_Health_Utilizer,Health_Util_Features,Full_dataset,0,0,0.025830258302583026,0.10199556541019955,0.7582017263718863
62,Fusion,High_Health_Utilizer,Health_Util_Features,Full_dataset,0,0,0.025830258302583026,0.10421286031042129,0.7581775384703965
63,Fusion,High_Health_Utilizer,Health_Util_Features,Full_dataset,0,0,0.026240262402624025,0.10421286031042129,0.758005782036695
64,Fusion,High_Health_Utilizer,Health_Util_Features,Full_dataset,0,0,0.026240262402624025,0.10643015521064302,0.7545759241344806
65,Fusion,High_Health_Utilizer,Health_Util_Features,Full_dataset,0,0,0.026650266502665027,0.10643015521064302,0.7545455724409469
66,Fusion,High_Health_Utilizer,Health_Util_Features,Full_dataset,0,0,0.026650266502665027,0.10864745011086474,0.7526992454675959
67,Fusion,High_Health_Utilizer,Health_Util_Features,Full_dataset,0,0,0.02706027060270603,0.10864745011086474,0.7499764497664886
68,Fusion,High_Health_Utilizer,Health_Util_Features,Full_dataset,0,0,0.02706027060270603,0.1130820399113082,0.7486253030320809
69,Fusion,High_Health_Utilizer,Health_Util_Features,Full_dataset,0,0,0.02788027880278803,0.1130820399113082,0.7484679011216309
70,Fusion,High_Health_Utilizer,Health_Util_Features,Full_dataset,0,0,0.02788027880278803,0.11751662971175167,0.7481844817941171
71,Fusion,High_Health_Utilizer,Health_Util_Features,Full_dataset,0,0,0.02911029110291103,0.11751662971175167,0.7464957525979047
72,Fusion,High_Health_Utilizer,Health_Util_Features,Full_dataset,0,0,0.02911029110291103,0.1197339246119734,0.7463059340758438
73,Fusion,High_Health_Utilizer,Health_Util_Features,Full_dataset,0,0,0.02952029520295203,0.1197339246119734,0.745671749496044
74,Fusion,High_Health_Utilizer,Health_Util_Features,Full_dataset,0,0,0.02952029520295203,0.12195121951219512,0.745593219257891
75,Fusion,High_Health_Utilizer,Health_Util_Features,Full_dataset,0,0,0.03075030750307503,0.12195121951219512,0.7444457228013965
76,Fusion,High_Health_Utilizer,Health_Util_Features,Full_dataset,0,0,0.03075030750307503,0.12638580931263857,0.7435993899821756
77,Fusion,High_Health_Utilizer,Health_Util_Features,Full_dataset,0,0,0.033210332103321034,0.12638580931263857,0.7403902327082084
78,Fusion,High_Health_Utilizer,Health_Util_Features,Full_dataset,0,0,0.033210332103321034,0.1286031042128603,0.7389980999258833
79,Fusion,High_Health_Utilizer,Health_Util_Features,Full_dataset,0,0,0.03403034030340303,0.1286031042128603,0.7373660758789777
80,Fusion,High_Health_Utilizer,Health_Util_Features,Full_dataset,0,0,0.03403034030340303,0.13082039911308205,0.7372889603278135
81,Fusion,High_Health_Utilizer,Health_Util_Features,Full_dataset,0,0,0.03444034440344403,0.13082039911308205,0.7369163172687552
82,Fusion,High_Health_Utilizer,Health_Util_Features,Full_dataset,0,0,0.03444034440344403,0.13303769401330376,0.736889129931529
83,Fusion,High_Health_Utilizer,Health_Util_Features,Full_dataset,0,0,0.034850348503485035,0.13303769401330376,0.736682144090438
84,Fusion,High_Health_Utilizer,Health_Util_Features,Full_dataset,0,0,0.034850348503485035,0.13747228381374724,0.735418370603076
85,Fusion,High_Health_Utilizer,Health_Util_Features,Full_dataset,0,0,0.03608036080360803,0.13747228381374724,0.7350495611187021
86,Fusion,High_Health_Utilizer,Health_Util_Features,Full_dataset,0,0,0.03608036080360803,0.14634146341463414,0.7339442674886686
87,Fusion,High_Health_Utilizer,Health_Util_Features,Full_dataset,0,0,0.036490364903649035,0.14634146341463414,0.7336681928848648
88,Fusion,High_Health_Utilizer,Health_Util_Features,Full_dataset,0,0,0.036490364903649035,0.15077605321507762,0.7319119944438919
89,Fusion,High_Health_Utilizer,Health_Util_Features,Full_dataset,0,0,0.03731037310373104,0.15077605321507762,0.7313677623238558
90,Fusion,High_Health_Utilizer,Health_Util_Features,Full_dataset,0,0,0.03731037310373104,0.15521064301552107,0.7307138333229183
91,Fusion,High_Health_Utilizer,Health_Util_Features,Full_dataset,0,0,0.03854038540385404,0.15521064301552107,0.7300713573008063
92,Fusion,High_Health_Utilizer,Health_Util_Features,Full_dataset,0,0,0.03854038540385404,0.1574279379157428,0.7297086452347494
93,Fusion,High_Health_Utilizer,Health_Util_Features,Full_dataset,0,0,0.03895038950389504,0.1574279379157428,0.7296294553975433
94,Fusion,High_Health_Utilizer,Health_Util_Features,Full_dataset,0,0,0.03895038950389504,0.16186252771618626,0.7287792711162503
95,Fusion,High_Health_Utilizer,Health_Util_Features,Full_dataset,0,0,0.03936039360393604,0.16186252771618626,0.7285862588989335
96,Fusion,High_Health_Utilizer,Health_Util_Features,Full_dataset,0,0,0.03936039360393604,0.164079822616408,0.7283188791580557
97,Fusion,High_Health_Utilizer,Health_Util_Features,Full_dataset,0,0,0.03977039770397704,0.164079822616408,0.7272808191641401
98,Fusion,High_Health_Utilizer,Health_Util_Features,Full_dataset,0,0,0.03977039770397704,0.16851441241685144,0.7268134599078725
99,Fusion,High_Health_Utilizer,Health_Util_Features,Full_dataset,0,0,0.04018040180401804,0.16851441241685144,0.7263928660292647
100,Fusion,High_Health_Utilizer,Health_Util_Features,Full_dataset,0,0,0.04018040180401804,0.1729490022172949,0.7255410301891628
101,Fusion,High_Health_Utilizer,Health_Util_Features,Full_dataset,0,0,0.04100041000410004,0.1729490022172949,0.7247850486178344
102,Fusion,High_Health_Utilizer,Health_Util_Features,Full_dataset,0,0,0.04100041000410004,0.17516629711751663,0.7240462033628371
103,Fusion,High_Health_Utilizer,Health_Util_Features,Full_dataset,0,0,0.04223042230422304,0.17516629711751663,0.7228618287767152
104,Fusion,High_Health_Utilizer,Health_Util_Features,Full_dataset,0,0,0.04223042230422304,0.17738359201773837,0.7227102033992923
105,Fusion,High_Health_Utilizer,Health_Util_Features,Full_dataset,0,0,0.043460434604346045,0.17738359201773837,0.7214270115748183
106,Fusion,High_Health_Utilizer,Health_Util_Features,Full_dataset,0,0,0.043460434604346045,0.17960088691796008,0.7211945136760024
107,Fusion,High_Health_Utilizer,Health_Util_Features,Full_dataset,0,0,0.04428044280442804,0.17960088691796008,0.7208619798503612
108,Fusion,High_Health_Utilizer,Health_Util_Features,Full_dataset,0,0,0.04428044280442804,0.18181818181818182,0.7206417440128935
109,Fusion,High_Health_Utilizer,Health_Util_Features,Full_dataset,0,0,0.04469044690446904,0.18181818181818182,0.7204636019155134
110,Fusion,High_Health_Utilizer,Health_Util_Features,Full_dataset,0,0,0.04469044690446904,0.18403547671840353,0.720358479615452
111,Fusion,High_Health_Utilizer,Health_Util_Features,Full_dataset,0,0,0.04797047970479705,0.18403547671840353,0.7176038594556509
112,Fusion,High_Health_Utilizer,Health_Util_Features,Full_dataset,0,0,0.04797047970479705,0.18625277161862527,0.7175573393269379
113,Fusion,High_Health_Utilizer,Health_Util_Features,Full_dataset,0,0,0.05166051660516605,0.18625277161862527,0.7155916437764355
114,Fusion,High_Health_Utilizer,Health_Util_Features,Full_dataset,0,0,0.05166051660516605,0.188470066518847,0.7150995719892128
115,Fusion,High_Health_Utilizer,Health_Util_Features,Full_dataset,0,0,0.05248052480524805,0.188470066518847,0.7150286428119497
116,Fusion,High_Health_Utilizer,Health_Util_Features,Full_dataset,0,0,0.05248052480524805,0.1951219512195122,0.7145895470607038
117,Fusion,High_Health_Utilizer,Health_Util_Features,Full_dataset,0,0,0.05453054530545305,0.1951219512195122,0.7127401379961893
118,Fusion,High_Health_Utilizer,Health_Util_Features,Full_dataset,0,0,0.05453054530545305,0.19955654101995565,0.7113699070227875
119,Fusion,High_Health_Utilizer,Health_Util_Features,Full_dataset,0,0,0.05494054940549405,0.19955654101995565,0.7110981889714376
120,Fusion,High_Health_Utilizer,Health_Util_Features,Full_dataset,0,0,0.05494054940549405,0.2017738359201774,0.7108725988844891
121,Fusion,High_Health_Utilizer,Health_Util_Features,Full_dataset,0,0,0.05617056170561706,0.2017738359201774,0.7105565912777005
122,Fusion,High_Health_Utilizer,Health_Util_Features,Full_dataset,0,0,0.05617056170561706,0.20620842572062084,0.7105278829491755
123,Fusion,High_Health_Utilizer,Health_Util_Features,Full_dataset,0,0,0.056580565805658053,0.20620842572062084,0.7098992358763452
124,Fusion,High_Health_Utilizer,Health_Util_Features,Full_dataset,0,0,0.056580565805658053,0.20842572062084258,0.7096914672502337
125,Fusion,High_Health_Utilizer,Health_Util_Features,Full_dataset,0,0,0.056990569905699055,0.20842572062084258,0.7093328411052179
126,Fusion,High_Health_Utilizer,Health_Util_Features,Full_dataset,0,0,0.056990569905699055,0.2106430155210643,0.7091941749354863
127,Fusion,High_Health_Utilizer,Health_Util_Features,Full_dataset,0,0,0.05904059040590406,0.2106430155210643,0.7080658345073377
128,Fusion,High_Health_Utilizer,Health_Util_Features,Full_dataset,0,0,0.05904059040590406,0.21286031042128603,0.7078174124508492
129,Fusion,High_Health_Utilizer,Health_Util_Features,Full_dataset,0,0,0.05945059450594506,0.21286031042128603,0.7076193370905628
130,Fusion,High_Health_Utilizer,Health_Util_Features,Full_dataset,0,0,0.05945059450594506,0.21951219512195122,0.7064957179813405
131,Fusion,High_Health_Utilizer,Health_Util_Features,Full_dataset,0,0,0.06273062730627306,0.21951219512195122,0.7038049035019677
132,Fusion,High_Health_Utilizer,Health_Util_Features,Full_dataset,0,0,0.06273062730627306,0.22394678492239467,0.7022203689635954
133,Fusion,High_Health_Utilizer,Health_Util_Features,Full_dataset,0,0,0.06355063550635506,0.22394678492239467,0.701640727927815
134,Fusion,High_Health_Utilizer,Health_Util_Features,Full_dataset,0,0,0.06355063550635506,0.23059866962305986,0.7009540251948383
135,Fusion,High_Health_Utilizer,Health_Util_Features,Full_dataset,0,0,0.06519065190651907,0.23059866962305986,0.7000774485929204
136,Fusion,High_Health_Utilizer,Health_Util_Features,Full_dataset,0,0,0.06519065190651907,0.2328159645232816,0.6997410953088032
137,Fusion,High_Health_Utilizer,Health_Util_Features,Full_dataset,0,0,0.06970069700697007,0.2328159645232816,0.6960585822517906
138,Fusion,High_Health_Utilizer,Health_Util_Features,Full_dataset,0,0,0.06970069700697007,0.23503325942350334,0.6959481690759095
139,Fusion,High_Health_Utilizer,Health_Util_Features,Full_dataset,0,0,0.07093070930709307,0.23503325942350334,0.6953768410748353
140,Fusion,High_Health_Utilizer,Health_Util_Features,Full_dataset,0,0,0.07093070930709307,0.23725055432372505,0.6953761957405158
141,Fusion,High_Health_Utilizer,Health_Util_Features,Full_dataset,0,0,0.07257072570725707,0.23725055432372505,0.6949986031802801
142,Fusion,High_Health_Utilizer,Health_Util_Features,Full_dataset,0,0,0.07257072570725707,0.2394678492239468,0.69498479245876
143,Fusion,High_Health_Utilizer,Health_Util_Features,Full_dataset,0,0,0.07339073390733908,0.2394678492239468,0.6946607874777901
144,Fusion,High_Health_Utilizer,Health_Util_Features,Full_dataset,0,0,0.07339073390733908,0.24390243902439024,0.6942430727713949
145,Fusion,High_Health_Utilizer,Health_Util_Features,Full_dataset,0,0,0.07380073800738007,0.24390243902439024,0.6935762455093314
146,Fusion,High_Health_Utilizer,Health_Util_Features,Full_dataset,0,0,0.07380073800738007,0.24611973392461198,0.6933699598064577
147,Fusion,High_Health_Utilizer,Health_Util_Features,Full_dataset,0,0,0.07462074620746208,0.24611973392461198,0.6931581880493015
148,Fusion,High_Health_Utilizer,Health_Util_Features,Full_dataset,0,0,0.07462074620746208,0.24833702882483372,0.6928741625978193
149,Fusion,High_Health_Utilizer,Health_Util_Features,Full_dataset,0,0,0.07585075850758508,0.24833702882483372,0.6923383519322717
150,Fusion,High_Health_Utilizer,Health_Util_Features,Full_dataset,0,0,0.07585075850758508,0.25055432372505543,0.6921115279368144
151,Fusion,High_Health_Utilizer,Health_Util_Features,Full_dataset,0,0,0.07831078310783107,0.25055432372505543,0.6903276682768069
152,Fusion,High_Health_Utilizer,Health_Util_Features,Full_dataset,0,0,0.07831078310783107,0.2549889135254989,0.6898926621476174
153,Fusion,High_Health_Utilizer,Health_Util_Features,Full_dataset,0,0,0.07872078720787208,0.2549889135254989,0.6898872406184785
154,Fusion,High_Health_Utilizer,Health_Util_Features,Full_dataset,0,0,0.07872078720787208,0.2572062084257206,0.6898660975044807
155,Fusion,High_Health_Utilizer,Health_Util_Features,Full_dataset,0,0,0.07995079950799508,0.2572062084257206,0.6897711261236046
156,Fusion,High_Health_Utilizer,Health_Util_Features,Full_dataset,0,0,0.07995079950799508,0.2616407982261641,0.6891482649665747
157,Fusion,High_Health_Utilizer,Health_Util_Features,Full_dataset,0,0,0.08077080770807708,0.2616407982261641,0.6887517186569838
158,Fusion,High_Health_Utilizer,Health_Util_Features,Full_dataset,0,0,0.08077080770807708,0.2682926829268293,0.6875305696574517
159,Fusion,High_Health_Utilizer,Health_Util_Features,Full_dataset,0,0,0.08159081590815909,0.2682926829268293,0.6870743740667994
160,Fusion,High_Health_Utilizer,Health_Util_Features,Full_dataset,0,0,0.08159081590815909,0.2749445676274945,0.6865593693944771
161,Fusion,High_Health_Utilizer,Health_Util_Features,Full_dataset,0,0,0.08200082000820008,0.2749445676274945,0.6860351674434669
162,Fusion,High_Health_Utilizer,Health_Util_Features,Full_dataset,0,0,0.08200082000820008,0.2771618625277162,0.6857594563583927
163,Fusion,High_Health_Utilizer,Health_Util_Features,Full_dataset,0,0,0.08282082820828209,0.2771618625277162,0.6847758929130157
164,Fusion,High_Health_Utilizer,Health_Util_Features,Full_dataset,0,0,0.08282082820828209,0.2793791574279379,0.6846863743788204
165,Fusion,High_Health_Utilizer,Health_Util_Features,Full_dataset,0,0,0.08405084050840508,0.2793791574279379,0.6843789199852606
166,Fusion,High_Health_Utilizer,Health_Util_Features,Full_dataset,0,0,0.08405084050840508,0.2838137472283814,0.6840632859617148
167,Fusion,High_Health_Utilizer,Health_Util_Features,Full_dataset,0,0,0.08528085280852808,0.2838137472283814,0.6836689310554637
168,Fusion,High_Health_Utilizer,Health_Util_Features,Full_dataset,0,0,0.08528085280852808,0.2926829268292683,0.6813819083137497
169,Fusion,High_Health_Utilizer,Health_Util_Features,Full_dataset,0,0,0.08569085690856909,0.2926829268292683,0.6809327857507231
170,Fusion,High_Health_Utilizer,Health_Util_Features,Full_dataset,0,0,0.08569085690856909,0.29490022172949004,0.6807628973148906
171,Fusion,High_Health_Utilizer,Health_Util_Features,Full_dataset,0,0,0.08651086510865108,0.29490022172949004,0.6800741080364398
172,Fusion,High_Health_Utilizer,Health_Util_Features,Full_dataset,0,0,0.08651086510865108,0.29711751662971175,0.6797298355153609
173,Fusion,High_Health_Utilizer,Health_Util_Features,Full_dataset,0,0,0.08856088560885608,0.29711751662971175,0.6784792073805599
174,Fusion,High_Health_Utilizer,Health_Util_Features,Full_dataset,0,0,0.08856088560885608,0.29933481152993346,0.6783409076298571
175,Fusion,High_Health_Utilizer,Health_Util_Features,Full_dataset,0,0,0.09020090200902009,0.29933481152993346,0.6774573578519321
176,Fusion,High_Health_Utilizer,Health_Util_Features,Full_dataset,0,0,0.09020090200902009,0.30155210643015523,0.6771076817709497
177,Fusion,High_Health_Utilizer,Health_Util_Features,Full_dataset,0,0,0.0930709307093071,0.30155210643015523,0.6760461964642863
178,Fusion,High_Health_Utilizer,Health_Util_Features,Full_dataset,0,0,0.0930709307093071,0.30376940133037694,0.6758867216398659
179,Fusion,High_Health_Utilizer,Health_Util_Features,Full_dataset,0,0,0.09348093480934809,0.30376940133037694,0.6751980074503364
180,Fusion,High_Health_Utilizer,Health_Util_Features,Full_dataset,0,0,0.09348093480934809,0.31042128603104213,0.6747876032928857
181,Fusion,High_Health_Utilizer,Health_Util_Features,Full_dataset,0,0,0.0963509635096351,0.31042128603104213,0.6724722150934123
182,Fusion,High_Health_Utilizer,Health_Util_Features,Full_dataset,0,0,0.0963509635096351,0.31263858093126384,0.6721795338436215
183,Fusion,High_Health_Utilizer,Health_Util_Features,Full_dataset,0,0,0.0992209922099221,0.31263858093126384,0.6704237814859174
184,Fusion,High_Health_Utilizer,Health_Util_Features,Full_dataset,0,0,0.0992209922099221,0.3148558758314856,0.6702637098282135
185,Fusion,High_Health_Utilizer,Health_Util_Features,Full_dataset,0,0,0.1008610086100861,0.3148558758314856,0.6693572394755077
186,Fusion,High_Health_Utilizer,Health_Util_Features,Full_dataset,0,0,0.1008610086100861,0.328159645232816,0.6677979343527447
187,Fusion,High_Health_Utilizer,Health_Util_Features,Full_dataset,0,0,0.1016810168101681,0.328159645232816,0.6676132466337169
188,Fusion,High_Health_Utilizer,Health_Util_Features,Full_dataset,0,0,0.1016810168101681,0.3303769401330377,0.6675123717658068
189,Fusion,High_Health_Utilizer,Health_Util_Features,Full_dataset,0,0,0.10414104141041411,0.3303769401330377,0.6653941156602041
190,Fusion,High_Health_Utilizer,Health_Util_Features,Full_dataset,0,0,0.10414104141041411,0.3325942350332594,0.6649483790655454
191,Fusion,High_Health_Utilizer,Health_Util_Features,Full_dataset,0,0,0.1057810578105781,0.3325942350332594,0.6629666705671747
192,Fusion,High_Health_Utilizer,Health_Util_Features,Full_dataset,0,0,0.1057810578105781,0.3348115299334812,0.6621236102400014
193,Fusion,High_Health_Utilizer,Health_Util_Features,Full_dataset,0,0,0.1070110701107011,0.3348115299334812,0.6616319209293734
194,Fusion,High_Health_Utilizer,Health_Util_Features,Full_dataset,0,0,0.1070110701107011,0.3370288248337029,0.6616219465548654
195,Fusion,High_Health_Utilizer,Health_Util_Features,Full_dataset,0,0,0.10865108651086511,0.3370288248337029,0.6606310977587572
196,Fusion,High_Health_Utilizer,Health_Util_Features,Full_dataset,0,0,0.10865108651086511,0.3392461197339246,0.6605577188677745
197,Fusion,High_Health_Utilizer,Health_Util_Features,Full_dataset,0,0,0.10947109471094711,0.3392461197339246,0.6603609156928599
198,Fusion,High_Health_Utilizer,Health_Util_Features,Full_dataset,0,0,0.10947109471094711,0.34146341463414637,0.6603501522264018
199,Fusion,High_Health_Utilizer,Health_Util_Features,Full_dataset,0,0,0.11275112751127511,0.34146341463414637,0.6594417970802157
200,Fusion,High_Health_Utilizer,Health_Util_Features,Full_dataset,0,0,0.11275112751127511,0.3436807095343681,0.6594178949844972
201,Fusion,High_Health_Utilizer,Health_Util_Features,Full_dataset,0,0,0.11357113571135712,0.3436807095343681,0.6592835346307532
202,Fusion,High_Health_Utilizer,Health_Util_Features,Full_dataset,0,0,0.11357113571135712,0.3458980044345898,0.6590863406455378
203,Fusion,High_Health_Utilizer,Health_Util_Features,Full_dataset,0,0,0.11398113981139811,0.3458980044345898,0.6590521243326213
204,Fusion,High_Health_Utilizer,Health_Util_Features,Full_dataset,0,0,0.11398113981139811,0.34811529933481156,0.6585426112063564
205,Fusion,High_Health_Utilizer,Health_Util_Features,Full_dataset,0,0,0.11521115211152111,0.34811529933481156,0.658075811414342
206,Fusion,High_Health_Utilizer,Health_Util_Features,Full_dataset,0,0,0.11521115211152111,0.35476718403547675,0.6559352016168626
207,Fusion,High_Health_Utilizer,Health_Util_Features,Full_dataset,0,0,0.11685116851168512,0.35476718403547675,0.6547457817742699
208,Fusion,High_Health_Utilizer,Health_Util_Features,Full_dataset,0,0,0.11685116851168512,0.35920177383592017,0.6537946677694033
209,Fusion,High_Health_Utilizer,Health_Util_Features,Full_dataset,0,0,0.11849118491184912,0.35920177383592017,0.6535700616540796
210,Fusion,High_Health_Utilizer,Health_Util_Features,Full_dataset,0,0,0.11849118491184912,0.36363636363636365,0.6529641484965306
211,Fusion,High_Health_Utilizer,Health_Util_Features,Full_dataset,0,0,0.11890118901189012,0.36363636363636365,0.652782306091501
212,Fusion,High_Health_Utilizer,Health_Util_Features,Full_dataset,0,0,0.11890118901189012,0.36585365853658536,0.6527111632111451
213,Fusion,High_Health_Utilizer,Health_Util_Features,Full_dataset,0,0,0.11931119311193111,0.36585365853658536,0.6525910546002878
214,Fusion,High_Health_Utilizer,Health_Util_Features,Full_dataset,0,0,0.11931119311193111,0.36807095343680707,0.6525140076896986
215,Fusion,High_Health_Utilizer,Health_Util_Features,Full_dataset,0,0,0.12300123001230012,0.36807095343680707,0.6500948433148733
216,Fusion,High_Health_Utilizer,Health_Util_Features,Full_dataset,0,0,0.12300123001230012,0.37028824833702884,0.6496708649686559
217,Fusion,High_Health_Utilizer,Health_Util_Features,Full_dataset,0,0,0.12382123821238213,0.37028824833702884,0.6495870144073267
218,Fusion,High_Health_Utilizer,Health_Util_Features,Full_dataset,0,0,0.12382123821238213,0.37250554323725055,0.6494670186540816
219,Fusion,High_Health_Utilizer,Health_Util_Features,Full_dataset,0,0,0.12587125871258711,0.37250554323725055,0.6488123915462971
220,Fusion,High_Health_Utilizer,Health_Util_Features,Full_dataset,0,0,0.12587125871258711,0.38137472283813745,0.6476129130423947
221,Fusion,High_Health_Utilizer,Health_Util_Features,Full_dataset,0,0,0.12710127101271013,0.38137472283813745,0.647212479787232
222,Fusion,High_Health_Utilizer,Health_Util_Features,Full_dataset,0,0,0.12710127101271013,0.3858093126385809,0.6471176584526404
223,Fusion,High_Health_Utilizer,Health_Util_Features,Full_dataset,0,0,0.12915129151291513,0.3858093126385809,0.6447786337384861
224,Fusion,High_Health_Utilizer,Health_Util_Features,Full_dataset,0,0,0.12915129151291513,0.38802660753880264,0.644584460494212
225,Fusion,High_Health_Utilizer,Health_Util_Features,Full_dataset,0,0,0.13079130791307914,0.38802660753880264,0.6436438451175529
226,Fusion,High_Health_Utilizer,Health_Util_Features,Full_dataset,0,0,0.13079130791307914,0.3902439024390244,0.6433783776693097
227,Fusion,High_Health_Utilizer,Health_Util_Features,Full_dataset,0,0,0.13325133251332513,0.3902439024390244,0.642744819668746
228,Fusion,High_Health_Utilizer,Health_Util_Features,Full_dataset,0,0,0.13325133251332513,0.3924611973392461,0.642682677457934
229,Fusion,High_Health_Utilizer,Health_Util_Features,Full_dataset,0,0,0.13489134891348914,0.3924611973392461,0.6416764706143918
230,Fusion,High_Health_Utilizer,Health_Util_Features,Full_dataset,0,0,0.13489134891348914,0.3946784922394678,0.6416276411996494
231,Fusion,High_Health_Utilizer,Health_Util_Features,Full_dataset,0,0,0.13571135711357113,0.3946784922394678,0.6414148084105316
232,Fusion,High_Health_Utilizer,Health_Util_Features,Full_dataset,0,0,0.13571135711357113,0.3991130820399113,0.6410524444154064
233,Fusion,High_Health_Utilizer,Health_Util_Features,Full_dataset,0,0,0.13940139401394014,0.3991130820399113,0.6393152128385099
234,Fusion,High_Health_Utilizer,Health_Util_Features,Full_dataset,0,0,0.13940139401394014,0.401330376940133,0.6392286469617607
235,Fusion,High_Health_Utilizer,Health_Util_Features,Full_dataset,0,0,0.13981139811398113,0.401330376940133,0.6389488731129352
236,Fusion,High_Health_Utilizer,Health_Util_Features,Full_dataset,0,0,0.13981139811398113,0.4035476718403548,0.6386105695172265
237,Fusion,High_Health_Utilizer,Health_Util_Features,Full_dataset,0,0,0.14227142271422713,0.4035476718403548,0.6376873568957636
238,Fusion,High_Health_Utilizer,Health_Util_Features,Full_dataset,0,0,0.14227142271422713,0.4057649667405765,0.6370405781203515
239,Fusion,High_Health_Utilizer,Health_Util_Features,Full_dataset,0,0,0.14268142681426815,0.4057649667405765,0.6369252934307795
240,Fusion,High_Health_Utilizer,Health_Util_Features,Full_dataset,0,0,0.14268142681426815,0.41019955654101997,0.636019478965461
241,Fusion,High_Health_Utilizer,Health_Util_Features,Full_dataset,0,0,0.14555145551455514,0.41019955654101997,0.6353203006672562
242,Fusion,High_Health_Utilizer,Health_Util_Features,Full_dataset,0,0,0.14555145551455514,0.4124168514412417,0.635296698434604
243,Fusion,High_Health_Utilizer,Health_Util_Features,Full_dataset,0,0,0.14637146371463713,0.4124168514412417,0.6349098347269277
244,Fusion,High_Health_Utilizer,Health_Util_Features,Full_dataset,0,0,0.14637146371463713,0.4146341463414634,0.6348393234040262
245,Fusion,High_Health_Utilizer,Health_Util_Features,Full_dataset,0,0,0.14801148011480114,0.4146341463414634,0.6338303627199303
246,Fusion,High_Health_Utilizer,Health_Util_Features,Full_dataset,0,0,0.14801148011480114,0.4190687361419069,0.6335056294729684
247,Fusion,High_Health_Utilizer,Health_Util_Features,Full_dataset,0,0,0.14924149241492415,0.4190687361419069,0.633247189486321
248,Fusion,High_Health_Utilizer,Health_Util_Features,Full_dataset,0,0,0.14924149241492415,0.4212860310421286,0.6331551183003655
249,Fusion,High_Health_Utilizer,Health_Util_Features,Full_dataset,0,0,0.15252152521525214,0.4212860310421286,0.6302214942074079
250,Fusion,High_Health_Utilizer,Health_Util_Features,Full_dataset,0,0,0.15252152521525214,0.42350332594235035,0.6299724857800265
251,Fusion,High_Health_Utilizer,Health_Util_Features,Full_dataset,0,0,0.15375153751537515,0.42350332594235035,0.6289689607050091
252,Fusion,High_Health_Utilizer,Health_Util_Features,Full_dataset,0,0,0.15375153751537515,0.42572062084257206,0.6289658092427693
253,Fusion,High_Health_Utilizer,Health_Util_Features,Full_dataset,0,0,0.15785157851578516,0.42572062084257206,0.6272933627853828
254,Fusion,High_Health_Utilizer,Health_Util_Features,Full_dataset,0,0,0.15785157851578516,0.43015521064301554,0.6269085690684865
255,Fusion,High_Health_Utilizer,Health_Util_Features,Full_dataset,0,0,0.15908159081590817,0.43015521064301554,0.6263450133939943
256,Fusion,High_Health_Utilizer,Health_Util_Features,Full_dataset,0,0,0.15908159081590817,0.43237250554323725,0.6262987529905866
257,Fusion,High_Health_Utilizer,Health_Util_Features,Full_dataset,0,0,0.16154161541615417,0.43237250554323725,0.6252869817245078
258,Fusion,High_Health_Utilizer,Health_Util_Features,Full_dataset,0,0,0.16154161541615417,0.43458980044345896,0.6251831945523898
259,Fusion,High_Health_Utilizer,Health_Util_Features,Full_dataset,0,0,0.16195161951619516,0.43458980044345896,0.6251390802960878
260,Fusion,High_Health_Utilizer,Health_Util_Features,Full_dataset,0,0,0.16195161951619516,0.43680709534368073,0.6250788779495868
261,Fusion,High_Health_Utilizer,Health_Util_Features,Full_dataset,0,0,0.16318163181631817,0.43680709534368073,0.6248161673425408
262,Fusion,High_Health_Utilizer,Health_Util_Features,Full_dataset,0,0,0.16318163181631817,0.44124168514412415,0.6245081456538744
263,Fusion,High_Health_Utilizer,Health_Util_Features,Full_dataset,0,0,0.16441164411644116,0.44124168514412415,0.6241063870603873
264,Fusion,High_Health_Utilizer,Health_Util_Features,Full_dataset,0,0,0.16441164411644116,0.4434589800443459,0.623903156178788
265,Fusion,High_Health_Utilizer,Health_Util_Features,Full_dataset,0,0,0.16482164821648215,0.4434589800443459,0.6235999109102894
266,Fusion,High_Health_Utilizer,Health_Util_Features,Full_dataset,0,0,0.16482164821648215,0.4501108647450111,0.6221897779612797
267,Fusion,High_Health_Utilizer,Health_Util_Features,Full_dataset,0,0,0.16810168101681017,0.4501108647450111,0.6208201452715366
268,Fusion,High_Health_Utilizer,Health_Util_Features,Full_dataset,0,0,0.16810168101681017,0.45454545454545453,0.6205001840929691
269,Fusion,High_Health_Utilizer,Health_Util_Features,Full_dataset,0,0,0.17138171381713818,0.45454545454545453,0.6194897597729966
270,Fusion,High_Health_Utilizer,Health_Util_Features,Full_dataset,0,0,0.17138171381713818,0.4567627494456763,0.6191990007681759
271,Fusion,High_Health_Utilizer,Health_Util_Features,Full_dataset,0,0,0.17261172611726117,0.4567627494456763,0.6187794942469831
272,Fusion,High_Health_Utilizer,Health_Util_Features,Full_dataset,0,0,0.17261172611726117,0.4611973392461197,0.6187530205508901
273,Fusion,High_Health_Utilizer,Health_Util_Features,Full_dataset,0,0,0.17384173841738418,0.4611973392461197,0.6180970637100269
274,Fusion,High_Health_Utilizer,Health_Util_Features,Full_dataset,0,0,0.17384173841738418,0.4678492239467849,0.6175192092447143
275,Fusion,High_Health_Utilizer,Health_Util_Features,Full_dataset,0,0,0.17466174661746617,0.4678492239467849,0.6172035505937732
276,Fusion,High_Health_Utilizer,Health_Util_Features,Full_dataset,0,0,0.17466174661746617,0.4700665188470067,0.6168803442962053
277,Fusion,High_Health_Utilizer,Health_Util_Features,Full_dataset,0,0,0.17671176711767117,0.4700665188470067,0.6160200195596494
278,Fusion,High_Health_Utilizer,Health_Util_Features,Full_dataset,0,0,0.17671176711767117,0.4722838137472284,0.6159246076779294
279,Fusion,High_Health_Utilizer,Health_Util_Features,Full_dataset,0,0,0.17712177121771217,0.4722838137472284,0.6155473034131796
280,Fusion,High_Health_Utilizer,Health_Util_Features,Full_dataset,0,0,0.17712177121771217,0.4789356984478936,0.6150960856427959
281,Fusion,High_Health_Utilizer,Health_Util_Features,Full_dataset,0,0,0.18122181221812217,0.4789356984478936,0.6133573792380561
282,Fusion,High_Health_Utilizer,Health_Util_Features,Full_dataset,0,0,0.18122181221812217,0.4811529933481153,0.6131357228069128
283,Fusion,High_Health_Utilizer,Health_Util_Features,Full_dataset,0,0,0.18245182451824518,0.4811529933481153,0.6125235430196536
284,Fusion,High_Health_Utilizer,Health_Util_Features,Full_dataset,0,0,0.18245182451824518,0.48337028824833705,0.6124268864577578
285,Fusion,High_Health_Utilizer,Health_Util_Features,Full_dataset,0,0,0.18286182861828618,0.48337028824833705,0.6123236943592987
286,Fusion,High_Health_Utilizer,Health_Util_Features,Full_dataset,0,0,0.18286182861828618,0.48558758314855877,0.6122178580339432
287,Fusion,High_Health_Utilizer,Health_Util_Features,Full_dataset,0,0,0.1836818368183682,0.48558758314855877,0.612093861793449
288,Fusion,High_Health_Utilizer,Health_Util_Features,Full_dataset,0,0,0.1836818368183682,0.4878048780487805,0.6115762989718532
289,Fusion,High_Health_Utilizer,Health_Util_Features,Full_dataset,0,0,0.1840918409184092,0.4878048780487805,0.6115758202147911
290,Fusion,High_Health_Utilizer,Health_Util_Features,Full_dataset,0,0,0.1840918409184092,0.49002217294900224,0.611465001182999
291,Fusion,High_Health_Utilizer,Health_Util_Features,Full_dataset,0,0,0.1861418614186142,0.49002217294900224,0.610878084517653
292,Fusion,High_Health_Utilizer,Health_Util_Features,Full_dataset,0,0,0.1861418614186142,0.49223946784922396,0.6104878380846469
293,Fusion,High_Health_Utilizer,Health_Util_Features,Full_dataset,0,0,0.1877818778187782,0.49223946784922396,0.6096996884578882
294,Fusion,High_Health_Utilizer,Health_Util_Features,Full_dataset,0,0,0.1877818778187782,0.49445676274944567,0.6094989727484241
295,Fusion,High_Health_Utilizer,Health_Util_Features,Full_dataset,0,0,0.1881918819188192,0.49445676274944567,0.6093619525443789
296,Fusion,High_Health_Utilizer,Health_Util_Features,Full_dataset,0,0,0.1881918819188192,0.49667405764966743,0.6086208759497288
297,Fusion,High_Health_Utilizer,Health_Util_Features,Full_dataset,0,0,0.1886018860188602,0.49667405764966743,0.6084468876906343
298,Fusion,High_Health_Utilizer,Health_Util_Features,Full_dataset,0,0,0.1886018860188602,0.49889135254988914,0.6081739936845081
299,Fusion,High_Health_Utilizer,Health_Util_Features,Full_dataset,0,0,0.18901189011890118,0.49889135254988914,0.6081387032597493
300,Fusion,High_Health_Utilizer,Health_Util_Features,Full_dataset,0,0,0.18901189011890118,0.5011086474501109,0.6081229316263911
301,Fusion,High_Health_Utilizer,Health_Util_Features,Full_dataset,0,0,0.19106191061910618,0.5011086474501109,0.6073326885851925
302,Fusion,High_Health_Utilizer,Health_Util_Features,Full_dataset,0,0,0.19106191061910618,0.5033259423503326,0.607218342733838
303,Fusion,High_Health_Utilizer,Health_Util_Features,Full_dataset,0,0,0.1951619516195162,0.5033259423503326,0.6060979966613871
304,Fusion,High_Health_Utilizer,Health_Util_Features,Full_dataset,0,0,0.1951619516195162,0.5055432372505543,0.605870941347862
305,Fusion,High_Health_Utilizer,Health_Util_Features,Full_dataset,0,0,0.2013120131201312,0.5055432372505543,0.6023828912113824
306,Fusion,High_Health_Utilizer,Health_Util_Features,Full_dataset,0,0,0.2013120131201312,0.5077605321507761,0.6021751323118624
307,Fusion,High_Health_Utilizer,Health_Util_Features,Full_dataset,0,0,0.2021320213202132,0.5077605321507761,0.6015341249194016
308,Fusion,High_Health_Utilizer,Health_Util_Features,Full_dataset,0,0,0.2021320213202132,0.5121951219512195,0.600881898488912
309,Fusion,High_Health_Utilizer,Health_Util_Features,Full_dataset,0,0,0.2033620336203362,0.5121951219512195,0.6002212031431435
310,Fusion,High_Health_Utilizer,Health_Util_Features,Full_dataset,0,0,0.2033620336203362,0.516629711751663,0.5998585280659212
311,Fusion,High_Health_Utilizer,Health_Util_Features,Full_dataset,0,0,0.2050020500205002,0.516629711751663,0.5987884461475218
312,Fusion,High_Health_Utilizer,Health_Util_Features,Full_dataset,0,0,0.2050020500205002,0.5188470066518847,0.5987735106938474
313,Fusion,High_Health_Utilizer,Health_Util_Features,Full_dataset,0,0,0.2058220582205822,0.5188470066518847,0.5984316121860843
314,Fusion,High_Health_Utilizer,Health_Util_Features,Full_dataset,0,0,0.2058220582205822,0.5210643015521065,0.5982158172143851
315,Fusion,High_Health_Utilizer,Health_Util_Features,Full_dataset,0,0,0.2078720787207872,0.5210643015521065,0.5976283507994683
316,Fusion,High_Health_Utilizer,Health_Util_Features,Full_dataset,0,0,0.2078720787207872,0.5277161862527716,0.5972534071761262
317,Fusion,High_Health_Utilizer,Health_Util_Features,Full_dataset,0,0,0.21033210332103322,0.5277161862527716,0.5958655385830531
318,Fusion,High_Health_Utilizer,Health_Util_Features,Full_dataset,0,0,0.21033210332103322,0.5299334811529933,0.5958036234804094
319,Fusion,High_Health_Utilizer,Health_Util_Features,Full_dataset,0,0,0.2111521115211152,0.5299334811529933,0.5952932536918253
320,Fusion,High_Health_Utilizer,Health_Util_Features,Full_dataset,0,0,0.2111521115211152,0.532150776053215,0.5948269663064535
321,Fusion,High_Health_Utilizer,Health_Util_Features,Full_dataset,0,0,0.2115621156211562,0.532150776053215,0.5947027547493811
322,Fusion,High_Health_Utilizer,Health_Util_Features,Full_dataset,0,0,0.2115621156211562,0.5343680709534369,0.5943859716390669
323,Fusion,High_Health_Utilizer,Health_Util_Features,Full_dataset,0,0,0.21279212792127922,0.5343680709534369,0.5939840894997265
324,Fusion,High_Health_Utilizer,Health_Util_Features,Full_dataset,0,0,0.21279212792127922,0.5365853658536586,0.5938501157098883
325,Fusion,High_Health_Utilizer,Health_Util_Features,Full_dataset,0,0,0.21443214432144322,0.5365853658536586,0.5933129383293172
326,Fusion,High_Health_Utilizer,Health_Util_Features,Full_dataset,0,0,0.21443214432144322,0.541019955654102,0.5927532945917682
327,Fusion,High_Health_Utilizer,Health_Util_Features,Full_dataset,0,0,0.2156621566215662,0.541019955654102,0.5919643342475721
328,Fusion,High_Health_Utilizer,Health_Util_Features,Full_dataset,0,0,0.2156621566215662,0.5432372505543237,0.5913466725056329
329,Fusion,High_Health_Utilizer,Health_Util_Features,Full_dataset,0,0,0.21648216482164823,0.5432372505543237,0.5909618265168006
330,Fusion,High_Health_Utilizer,Health_Util_Features,Full_dataset,0,0,0.21648216482164823,0.5454545454545454,0.5906222038784102
331,Fusion,High_Health_Utilizer,Health_Util_Features,Full_dataset,0,0,0.2181221812218122,0.5454545454545454,0.5901738204135656
332,Fusion,High_Health_Utilizer,Health_Util_Features,Full_dataset,0,0,0.2181221812218122,0.5476718403547672,0.5899714880677911
333,Fusion,High_Health_Utilizer,Health_Util_Features,Full_dataset,0,0,0.21935219352193522,0.5476718403547672,0.5891313037362297
334,Fusion,High_Health_Utilizer,Health_Util_Features,Full_dataset,0,0,0.21935219352193522,0.5521064301552107,0.5886244893184656
335,Fusion,High_Health_Utilizer,Health_Util_Features,Full_dataset,0,0,0.22181221812218122,0.5521064301552107,0.5873952795022706
336,Fusion,High_Health_Utilizer,Health_Util_Features,Full_dataset,0,0,0.22181221812218122,0.5543237250554324,0.5873798424309122
337,Fusion,High_Health_Utilizer,Health_Util_Features,Full_dataset,0,0,0.2222222222222222,0.5543237250554324,0.5873477954396848
338,Fusion,High_Health_Utilizer,Health_Util_Features,Full_dataset,0,0,0.2222222222222222,0.5565410199556541,0.5871371618508421
339,Fusion,High_Health_Utilizer,Health_Util_Features,Full_dataset,0,0,0.22263222632226323,0.5565410199556541,0.5871268387867946
340,Fusion,High_Health_Utilizer,Health_Util_Features,Full_dataset,0,0,0.22263222632226323,0.5587583148558758,0.5869391800114246
341,Fusion,High_Health_Utilizer,Health_Util_Features,Full_dataset,0,0,0.22550225502255022,0.5587583148558758,0.5855466413597282
342,Fusion,High_Health_Utilizer,Health_Util_Features,Full_dataset,0,0,0.22550225502255022,0.5609756097560976,0.5855454508174858
343,Fusion,High_Health_Utilizer,Health_Util_Features,Full_dataset,0,0,0.22878228782287824,0.5609756097560976,0.5845220313372111
344,Fusion,High_Health_Utilizer,Health_Util_Features,Full_dataset,0,0,0.22878228782287824,0.5631929046563193,0.5840660999852274
345,Fusion,High_Health_Utilizer,Health_Util_Features,Full_dataset,0,0,0.22960229602296023,0.5631929046563193,0.5839203405038026
346,Fusion,High_Health_Utilizer,Health_Util_Features,Full_dataset,0,0,0.22960229602296023,0.5676274944567627,0.5834035716256938
347,Fusion,High_Health_Utilizer,Health_Util_Features,Full_dataset,0,0,0.23042230422304222,0.5676274944567627,0.5833921457366115
348,Fusion,High_Health_Utilizer,Health_Util_Features,Full_dataset,0,0,0.23042230422304222,0.5698447893569845,0.5829568997204693
349,Fusion,High_Health_Utilizer,Health_Util_Features,Full_dataset,0,0,0.23165231652316523,0.5698447893569845,0.582027167752421
350,Fusion,High_Health_Utilizer,Health_Util_Features,Full_dataset,0,0,0.23165231652316523,0.5720620842572062,0.5818155609125262
351,Fusion,High_Health_Utilizer,Health_Util_Features,Full_dataset,0,0,0.23247232472324722,0.5720620842572062,0.5815724779020321
352,Fusion,High_Health_Utilizer,Health_Util_Features,Full_dataset,0,0,0.23247232472324722,0.5742793791574279,0.5813358106167561
353,Fusion,High_Health_Utilizer,Health_Util_Features,Full_dataset,0,0,0.23493234932349324,0.5742793791574279,0.5807720259535514
354,Fusion,High_Health_Utilizer,Health_Util_Features,Full_dataset,0,0,0.23493234932349324,0.5764966740576497,0.5806327697714571
355,Fusion,High_Health_Utilizer,Health_Util_Features,Full_dataset,0,0,0.23534235342353424,0.5764966740576497,0.5805627894367519
356,Fusion,High_Health_Utilizer,Health_Util_Features,Full_dataset,0,0,0.23534235342353424,0.5787139689578714,0.580540519805467
357,Fusion,High_Health_Utilizer,Health_Util_Features,Full_dataset,0,0,0.23575235752357523,0.5787139689578714,0.5804867568822384
358,Fusion,High_Health_Utilizer,Health_Util_Features,Full_dataset,0,0,0.23575235752357523,0.5809312638580931,0.5802133877542763
359,Fusion,High_Health_Utilizer,Health_Util_Features,Full_dataset,0,0,0.23944239442394424,0.5809312638580931,0.578624832176585
360,Fusion,High_Health_Utilizer,Health_Util_Features,Full_dataset,0,0,0.23944239442394424,0.5853658536585366,0.5784234799005292
361,Fusion,High_Health_Utilizer,Health_Util_Features,Full_dataset,0,0,0.24026240262402623,0.5853658536585366,0.578028294486448
362,Fusion,High_Health_Utilizer,Health_Util_Features,Full_dataset,0,0,0.24026240262402623,0.5875831485587583,0.5780192325128162
363,Fusion,High_Health_Utilizer,Health_Util_Features,Full_dataset,0,0,0.24108241082410825,0.5875831485587583,0.5775305536498901
364,Fusion,High_Health_Utilizer,Health_Util_Features,Full_dataset,0,0,0.24108241082410825,0.5920177383592018,0.5773529278030766
365,Fusion,High_Health_Utilizer,Health_Util_Features,Full_dataset,0,0,0.24190241902419024,0.5920177383592018,0.5770238422643563
366,Fusion,High_Health_Utilizer,Health_Util_Features,Full_dataset,0,0,0.24190241902419024,0.5942350332594235,0.5769937518970991
367,Fusion,High_Health_Utilizer,Health_Util_Features,Full_dataset,0,0,0.24231242312423124,0.5942350332594235,0.5769934375931529
368,Fusion,High_Health_Utilizer,Health_Util_Features,Full_dataset,0,0,0.24231242312423124,0.5986696230598669,0.576527660680372
369,Fusion,High_Health_Utilizer,Health_Util_Features,Full_dataset,0,0,0.2521525215252153,0.5986696230598669,0.5724471556021778
370,Fusion,High_Health_Utilizer,Health_Util_Features,Full_dataset,0,0,0.2521525215252153,0.6008869179600886,0.5723743773142308
371,Fusion,High_Health_Utilizer,Health_Util_Features,Full_dataset,0,0,0.2525625256252563,0.6008869179600886,0.5723682888038106
372,Fusion,High_Health_Utilizer,Health_Util_Features,Full_dataset,0,0,0.2525625256252563,0.6075388026607539,0.5719809054203442
373,Fusion,High_Health_Utilizer,Health_Util_Features,Full_dataset,0,0,0.25420254202542025,0.6075388026607539,0.5715351673223028
374,Fusion,High_Health_Utilizer,Health_Util_Features,Full_dataset,0,0,0.25420254202542025,0.6119733924611973,0.5712196982745598
375,Fusion,High_Health_Utilizer,Health_Util_Features,Full_dataset,0,0,0.25543255432554324,0.6119733924611973,0.5707042044434439
376,Fusion,High_Health_Utilizer,Health_Util_Features,Full_dataset,0,0,0.25543255432554324,0.614190687361419,0.5705933483184857
377,Fusion,High_Health_Utilizer,Health_Util_Features,Full_dataset,0,0,0.2570725707257073,0.614190687361419,0.570446367888264
378,Fusion,High_Health_Utilizer,Health_Util_Features,Full_dataset,0,0,0.2570725707257073,0.6186252771618626,0.5703577054761358
379,Fusion,High_Health_Utilizer,Health_Util_Features,Full_dataset,0,0,0.25994259942599424,0.6186252771618626,0.5692165780835621
380,Fusion,High_Health_Utilizer,Health_Util_Features,Full_dataset,0,0,0.25994259942599424,0.6208425720620843,0.5692104813777112
381,Fusion,High_Health_Utilizer,Health_Util_Features,Full_dataset,0,0,0.26732267322673225,0.6208425720620843,0.5665539578569312
382,Fusion,High_Health_Utilizer,Health_Util_Features,Full_dataset,0,0,0.26732267322673225,0.6252771618625277,0.566311124169888
383,Fusion,High_Health_Utilizer,Health_Util_Features,Full_dataset,0,0,0.26814268142681424,0.6252771618625277,0.5659863092319207
384,Fusion,High_Health_Utilizer,Health_Util_Features,Full_dataset,0,0,0.26814268142681424,0.6297117516629712,0.5655689869521613
385,Fusion,High_Health_Utilizer,Health_Util_Features,Full_dataset,0,0,0.27183271832718325,0.6297117516629712,0.564696012911987
386,Fusion,High_Health_Utilizer,Health_Util_Features,Full_dataset,0,0,0.27183271832718325,0.6319290465631929,0.5646362153690455
387,Fusion,High_Health_Utilizer,Health_Util_Features,Full_dataset,0,0,0.27224272242722425,0.6319290465631929,0.5645920835427263
388,Fusion,High_Health_Utilizer,Health_Util_Features,Full_dataset,0,0,0.27224272242722425,0.6341463414634146,0.5640797962841984
389,Fusion,High_Health_Utilizer,Health_Util_Features,Full_dataset,0,0,0.27634276342763425,0.6341463414634146,0.5617361176402486
390,Fusion,High_Health_Utilizer,Health_Util_Features,Full_dataset,0,0,0.27634276342763425,0.6363636363636364,0.5616924322022119
391,Fusion,High_Health_Utilizer,Health_Util_Features,Full_dataset,0,0,0.2808528085280853,0.6363636363636364,0.5605371588817549
392,Fusion,High_Health_Utilizer,Health_Util_Features,Full_dataset,0,0,0.2808528085280853,0.6385809312638581,0.560005011790089
393,Fusion,High_Health_Utilizer,Health_Util_Features,Full_dataset,0,0,0.2816728167281673,0.6385809312638581,0.5598649951645329
394,Fusion,High_Health_Utilizer,Health_Util_Features,Full_dataset,0,0,0.2816728167281673,0.6407982261640798,0.5598564289307304
395,Fusion,High_Health_Utilizer,Health_Util_Features,Full_dataset,0,0,0.28454284542845426,0.6407982261640798,0.5572485655673274
396,Fusion,High_Health_Utilizer,Health_Util_Features,Full_dataset,0,0,0.28454284542845426,0.6430155210643016,0.5570764881192858
397,Fusion,High_Health_Utilizer,Health_Util_Features,Full_dataset,0,0,0.2865928659286593,0.6430155210643016,0.5565832017138037
398,Fusion,High_Health_Utilizer,Health_Util_Features,Full_dataset,0,0,0.2865928659286593,0.6452328159645233,0.5563234747012276
399,Fusion,High_Health_Utilizer,Health_Util_Features,Full_dataset,0,0,0.2894628946289463,0.6452328159645233,0.5552195326455415
400,Fusion,High_Health_Utilizer,Health_Util_Features,Full_dataset,0,0,0.2894628946289463,0.647450110864745,0.5552123508228837
401,Fusion,High_Health_Utilizer,Health_Util_Features,Full_dataset,0,0,0.2898728987289873,0.647450110864745,0.5547824390987506
402,Fusion,High_Health_Utilizer,Health_Util_Features,Full_dataset,0,0,0.2898728987289873,0.6518847006651884,0.5543375506049705
403,Fusion,High_Health_Utilizer,Health_Util_Features,Full_dataset,0,0,0.2906929069290693,0.6518847006651884,0.5533110820380748
404,Fusion,High_Health_Utilizer,Health_Util_Features,Full_dataset,0,0,0.2906929069290693,0.6541019955654102,0.5530765675006841
405,Fusion,High_Health_Utilizer,Health_Util_Features,Full_dataset,0,0,0.2911029110291103,0.6541019955654102,0.5529907112049287
406,Fusion,High_Health_Utilizer,Health_Util_Features,Full_dataset,0,0,0.2911029110291103,0.656319290465632,0.5529421539585714
407,Fusion,High_Health_Utilizer,Health_Util_Features,Full_dataset,0,0,0.2943829438294383,0.656319290465632,0.551163369589427
408,Fusion,High_Health_Utilizer,Health_Util_Features,Full_dataset,0,0,0.2943829438294383,0.6585365853658537,0.5508001202974843
409,Fusion,High_Health_Utilizer,Health_Util_Features,Full_dataset,0,0,0.2972529725297253,0.6585365853658537,0.5489554160924711
410,Fusion,High_Health_Utilizer,Health_Util_Features,Full_dataset,0,0,0.2972529725297253,0.6607538802660754,0.548939484305623
411,Fusion,High_Health_Utilizer,Health_Util_Features,Full_dataset,0,0,0.3001230012300123,0.6607538802660754,0.5482228531229177
412,Fusion,High_Health_Utilizer,Health_Util_Features,Full_dataset,0,0,0.3001230012300123,0.6629711751662971,0.5479984153792117
413,Fusion,High_Health_Utilizer,Health_Util_Features,Full_dataset,0,0,0.3005330053300533,0.6629711751662971,0.5478083010375772
414,Fusion,High_Health_Utilizer,Health_Util_Features,Full_dataset,0,0,0.3005330053300533,0.6651884700665188,0.5477452202780295
415,Fusion,High_Health_Utilizer,Health_Util_Features,Full_dataset,0,0,0.3058630586305863,0.6651884700665188,0.5457190740172736
416,Fusion,High_Health_Utilizer,Health_Util_Features,Full_dataset,0,0,0.3058630586305863,0.6674057649667405,0.5453124742693515
417,Fusion,High_Health_Utilizer,Health_Util_Features,Full_dataset,0,0,0.3066830668306683,0.6674057649667405,0.5450363773241625
418,Fusion,High_Health_Utilizer,Health_Util_Features,Full_dataset,0,0,0.3066830668306683,0.6696230598669624,0.5449857232915584
419,Fusion,High_Health_Utilizer,Health_Util_Features,Full_dataset,0,0,0.3079130791307913,0.6696230598669624,0.5442875959584146
420,Fusion,High_Health_Utilizer,Health_Util_Features,Full_dataset,0,0,0.3079130791307913,0.6718403547671841,0.5442682303449151
421,Fusion,High_Health_Utilizer,Health_Util_Features,Full_dataset,0,0,0.3103731037310373,0.6718403547671841,0.5431641036971985
422,Fusion,High_Health_Utilizer,Health_Util_Features,Full_dataset,0,0,0.3103731037310373,0.6740576496674058,0.5429615289711878
423,Fusion,High_Health_Utilizer,Health_Util_Features,Full_dataset,0,0,0.3111931119311193,0.6740576496674058,0.5423291670057496
424,Fusion,High_Health_Utilizer,Health_Util_Features,Full_dataset,0,0,0.3111931119311193,0.6762749445676275,0.542131832936881
425,Fusion,High_Health_Utilizer,Health_Util_Features,Full_dataset,0,0,0.3116031160311603,0.6762749445676275,0.5419543503141178
426,Fusion,High_Health_Utilizer,Health_Util_Features,Full_dataset,0,0,0.3116031160311603,0.6784922394678492,0.5414034504392383
427,Fusion,High_Health_Utilizer,Health_Util_Features,Full_dataset,0,0,0.3124231242312423,0.6784922394678492,0.5408426763596266
428,Fusion,High_Health_Utilizer,Health_Util_Features,Full_dataset,0,0,0.3124231242312423,0.6807095343680709,0.5408379747418081
429,Fusion,High_Health_Utilizer,Health_Util_Features,Full_dataset,0,0,0.31406314063140633,0.6807095343680709,0.5394408393267285
430,Fusion,High_Health_Utilizer,Health_Util_Features,Full_dataset,0,0,0.31406314063140633,0.6829268292682927,0.5394113555438891
431,Fusion,High_Health_Utilizer,Health_Util_Features,Full_dataset,0,0,0.31816318163181634,0.6829268292682927,0.5380829781829016
432,Fusion,High_Health_Utilizer,Health_Util_Features,Full_dataset,0,0,0.31816318163181634,0.6873614190687362,0.5377735322658329
433,Fusion,High_Health_Utilizer,Health_Util_Features,Full_dataset,0,0,0.31857318573185733,0.6873614190687362,0.5377300587748737
434,Fusion,High_Health_Utilizer,Health_Util_Features,Full_dataset,0,0,0.31857318573185733,0.6917960088691796,0.5368942088192467
435,Fusion,High_Health_Utilizer,Health_Util_Features,Full_dataset,0,0,0.3251332513325133,0.6917960088691796,0.5340103376174138
436,Fusion,High_Health_Utilizer,Health_Util_Features,Full_dataset,0,0,0.3251332513325133,0.6940133037694013,0.5340001756152424
437,Fusion,High_Health_Utilizer,Health_Util_Features,Full_dataset,0,0,0.32636326363263635,0.6940133037694013,0.5333690300067353
438,Fusion,High_Health_Utilizer,Health_Util_Features,Full_dataset,0,0,0.32636326363263635,0.6962305986696231,0.5332998535892777
439,Fusion,High_Health_Utilizer,Health_Util_Features,Full_dataset,0,0,0.32677326773267734,0.6962305986696231,0.5332992628351547
440,Fusion,High_Health_Utilizer,Health_Util_Features,Full_dataset,0,0,0.32677326773267734,0.6984478935698448,0.5330284427916202
441,Fusion,High_Health_Utilizer,Health_Util_Features,Full_dataset,0,0,0.3292332923329233,0.6984478935698448,0.5315075397939822
442,Fusion,High_Health_Utilizer,Health_Util_Features,Full_dataset,0,0,0.3292332923329233,0.7006651884700665,0.531402705741301
443,Fusion,High_Health_Utilizer,Health_Util_Features,Full_dataset,0,0,0.33456334563345635,0.7006651884700665,0.5294019514538149
444,Fusion,High_Health_Utilizer,Health_Util_Features,Full_dataset,0,0,0.33456334563345635,0.7028824833702882,0.5293723129411886
445,Fusion,High_Health_Utilizer,Health_Util_Features,Full_dataset,0,0,0.33497334973349735,0.7028824833702882,0.5290165447965627
446,Fusion,High_Health_Utilizer,Health_Util_Features,Full_dataset,0,0,0.33497334973349735,0.70509977827051,0.5283981474302399
447,Fusion,High_Health_Utilizer,Health_Util_Features,Full_dataset,0,0,0.33538335383353834,0.70509977827051,0.528381252074271
448,Fusion,High_Health_Utilizer,Health_Util_Features,Full_dataset,0,0,0.33538335383353834,0.7073170731707317,0.5282982899389236
449,Fusion,High_Health_Utilizer,Health_Util_Features,Full_dataset,0,0,0.33620336203362033,0.7073170731707317,0.5280109183207686
450,Fusion,High_Health_Utilizer,Health_Util_Features,Full_dataset,0,0,0.33620336203362033,0.7095343680709535,0.5279861473709293
451,Fusion,High_Health_Utilizer,Health_Util_Features,Full_dataset,0,0,0.3370233702337023,0.7095343680709535,0.5278240244386838
452,Fusion,High_Health_Utilizer,Health_Util_Features,Full_dataset,0,0,0.3370233702337023,0.7161862527716186,0.5273228137743715
453,Fusion,High_Health_Utilizer,Health_Util_Features,Full_dataset,0,0,0.34235342353423537,0.7161862527716186,0.5244015952647655
454,Fusion,High_Health_Utilizer,Health_Util_Features,Full_dataset,0,0,0.34235342353423537,0.7184035476718403,0.5243958355735268
455,Fusion,High_Health_Utilizer,Health_Util_Features,Full_dataset,0,0,0.34276342763427636,0.7184035476718403,0.5243554249024305
456,Fusion,High_Health_Utilizer,Health_Util_Features,Full_dataset,0,0,0.34276342763427636,0.720620842572062,0.5238236559396594
457,Fusion,High_Health_Utilizer,Health_Util_Features,Full_dataset,0,0,0.34440344403444034,0.720620842572062,0.522827891575412
458,Fusion,High_Health_Utilizer,Health_Util_Features,Full_dataset,0,0,0.34440344403444034,0.7228381374722838,0.5226595661565157
459,Fusion,High_Health_Utilizer,Health_Util_Features,Full_dataset,0,0,0.3460434604346043,0.7228381374722838,0.5220849744506706
460,Fusion,High_Health_Utilizer,Health_Util_Features,Full_dataset,0,0,0.3460434604346043,0.7272727272727273,0.5219769185910769
461,Fusion,High_Health_Utilizer,Health_Util_Features,Full_dataset,0,0,0.35137351373513737,0.7272727272727273,0.5202399973596299
462,Fusion,High_Health_Utilizer,Health_Util_Features,Full_dataset,0,0,0.35137351373513737,0.729490022172949,0.5197237686144132
463,Fusion,High_Health_Utilizer,Health_Util_Features,Full_dataset,0,0,0.35178351783517836,0.729490022172949,0.5196557209527759
464,Fusion,High_Health_Utilizer,Health_Util_Features,Full_dataset,0,0,0.35178351783517836,0.7317073170731707,0.5195311465997251
465,Fusion,High_Health_Utilizer,Health_Util_Features,Full_dataset,0,0,0.3546535465354654,0.7317073170731707,0.5189089871644252
466,Fusion,High_Health_Utilizer,Health_Util_Features,Full_dataset,0,0,0.3546535465354654,0.7339246119733924,0.5187966827700602
467,Fusion,High_Health_Utilizer,Health_Util_Features,Full_dataset,0,0,0.35588355883558837,0.7339246119733924,0.5184087592450395
468,Fusion,High_Health_Utilizer,Health_Util_Features,Full_dataset,0,0,0.35588355883558837,0.738359201773836,0.5181229354175333
469,Fusion,High_Health_Utilizer,Health_Util_Features,Full_dataset,0,0,0.3640836408364084,0.738359201773836,0.5150268053170158
470,Fusion,High_Health_Utilizer,Health_Util_Features,Full_dataset,0,0,0.3640836408364084,0.7405764966740577,0.5148358350008502
471,Fusion,High_Health_Utilizer,Health_Util_Features,Full_dataset,0,0,0.36982369823698236,0.7405764966740577,0.5121198764793644
472,Fusion,High_Health_Utilizer,Health_Util_Features,Full_dataset,0,0,0.36982369823698236,0.7427937915742794,0.5119442873315554
473,Fusion,High_Health_Utilizer,Health_Util_Features,Full_dataset,0,0,0.37392373923739236,0.7427937915742794,0.5097851347487584
474,Fusion,High_Health_Utilizer,Health_Util_Features,Full_dataset,0,0,0.37392373923739236,0.7472283813747228,0.5094176378042583
475,Fusion,High_Health_Utilizer,Health_Util_Features,Full_dataset,0,0,0.3772037720377204,0.7472283813747228,0.507314855902138
476,Fusion,High_Health_Utilizer,Health_Util_Features,Full_dataset,0,0,0.3772037720377204,0.7494456762749445,0.5072231636757727
477,Fusion,High_Health_Utilizer,Health_Util_Features,Full_dataset,0,0,0.3808938089380894,0.7494456762749445,0.5062669372815363
478,Fusion,High_Health_Utilizer,Health_Util_Features,Full_dataset,0,0,0.3808938089380894,0.7516629711751663,0.5060561682474487
479,Fusion,High_Health_Utilizer,Health_Util_Features,Full_dataset,0,0,0.38212382123821237,0.7516629711751663,0.5053953682527824
480,Fusion,High_Health_Utilizer,Health_Util_Features,Full_dataset,0,0,0.38212382123821237,0.753880266075388,0.5049685736179406
481,Fusion,High_Health_Utilizer,Health_Util_Features,Full_dataset,0,0,0.38294382943829436,0.753880266075388,0.5048228668947713
482,Fusion,High_Health_Utilizer,Health_Util_Features,Full_dataset,0,0,0.38294382943829436,0.7583148558758315,0.5047057907114412
483,Fusion,High_Health_Utilizer,Health_Util_Features,Full_dataset,0,0,0.3874538745387454,0.7583148558758315,0.502486794848111
484,Fusion,High_Health_Utilizer,Health_Util_Features,Full_dataset,0,0,0.3874538745387454,0.7605321507760532,0.502419944822666
485,Fusion,High_Health_Utilizer,Health_Util_Features,Full_dataset,0,0,0.3899138991389914,0.7605321507760532,0.5012491603943575
486,Fusion,High_Health_Utilizer,Health_Util_Features,Full_dataset,0,0,0.3899138991389914,0.7649667405764967,0.5009714232843836
487,Fusion,High_Health_Utilizer,Health_Util_Features,Full_dataset,0,0,0.3927839278392784,0.7649667405764967,0.4995102352291612
488,Fusion,High_Health_Utilizer,Health_Util_Features,Full_dataset,0,0,0.3927839278392784,0.7671840354767184,0.4993196747258874
489,Fusion,High_Health_Utilizer,Health_Util_Features,Full_dataset,0,0,0.3948339483394834,0.7671840354767184,0.4977508390134027
490,Fusion,High_Health_Utilizer,Health_Util_Features,Full_dataset,0,0,0.3948339483394834,0.7694013303769401,0.49737135041031266
491,Fusion,High_Health_Utilizer,Health_Util_Features,Full_dataset,0,0,0.3968839688396884,0.7694013303769401,0.496401085215702
492,Fusion,High_Health_Utilizer,Health_Util_Features,Full_dataset,0,0,0.3968839688396884,0.7716186252771619,0.49637689033943416
493,Fusion,High_Health_Utilizer,Health_Util_Features,Full_dataset,0,0,0.4013940139401394,0.7716186252771619,0.49498554865703565
494,Fusion,High_Health_Utilizer,Health_Util_Features,Full_dataset,0,0,0.4013940139401394,0.7760532150776053,0.49420883444645664
495,Fusion,High_Health_Utilizer,Health_Util_Features,Full_dataset,0,0,0.4018040180401804,0.7760532150776053,0.4937166317776977
496,Fusion,High_Health_Utilizer,Health_Util_Features,Full_dataset,0,0,0.4018040180401804,0.7804878048780488,0.49314362613155804
497,Fusion,High_Health_Utilizer,Health_Util_Features,Full_dataset,0,0,0.4030340303403034,0.7804878048780488,0.493002495893395
498,Fusion,High_Health_Utilizer,Health_Util_Features,Full_dataset,0,0,0.4030340303403034,0.7827050997782705,0.4925312183338379
499,Fusion,High_Health_Utilizer,Health_Util_Features,Full_dataset,0,0,0.41656416564165644,0.7827050997782705,0.48577460413948825
500,Fusion,High_Health_Utilizer,Health_Util_Features,Full_dataset,0,0,0.41656416564165644,0.7849223946784922,0.48573614166216844
501,Fusion,High_Health_Utilizer,Health_Util_Features,Full_dataset,0,0,0.4186141861418614,0.7849223946784922,0.4851997121273858
502,Fusion,High_Health_Utilizer,Health_Util_Features,Full_dataset,0,0,0.4186141861418614,0.7871396895787139,0.4850436411492375
503,Fusion,High_Health_Utilizer,Health_Util_Features,Full_dataset,0,0,0.4227142271422714,0.7871396895787139,0.48298602181484757
504,Fusion,High_Health_Utilizer,Health_Util_Features,Full_dataset,0,0,0.4227142271422714,0.7893569844789357,0.4829370232707624
505,Fusion,High_Health_Utilizer,Health_Util_Features,Full_dataset,0,0,0.4276342763427634,0.7893569844789357,0.4799299306624077
506,Fusion,High_Health_Utilizer,Health_Util_Features,Full_dataset,0,0,0.4276342763427634,0.7915742793791575,0.4797116609762238
507,Fusion,High_Health_Utilizer,Health_Util_Features,Full_dataset,0,0,0.42845428454284545,0.7915742793791575,0.4793608288814718
508,Fusion,High_Health_Utilizer,Health_Util_Features,Full_dataset,0,0,0.42845428454284545,0.7937915742793792,0.479255174259465
509,Fusion,High_Health_Utilizer,Health_Util_Features,Full_dataset,0,0,0.43829438294382944,0.7937915742793792,0.473194516325338
510,Fusion,High_Health_Utilizer,Health_Util_Features,Full_dataset,0,0,0.43829438294382944,0.7960088691796009,0.47291388435097254
511,Fusion,High_Health_Utilizer,Health_Util_Features,Full_dataset,0,0,0.4440344403444034,0.7960088691796009,0.46942494921792227
512,Fusion,High_Health_Utilizer,Health_Util_Features,Full_dataset,0,0,0.4440344403444034,0.7982261640798226,0.4693717651747977
513,Fusion,High_Health_Utilizer,Health_Util_Features,Full_dataset,0,0,0.44731447314473144,0.7982261640798226,0.4678962656335968
514,Fusion,High_Health_Utilizer,Health_Util_Features,Full_dataset,0,0,0.44731447314473144,0.8004434589800443,0.4676566020257944
515,Fusion,High_Health_Utilizer,Health_Util_Features,Full_dataset,0,0,0.4489544895448955,0.8004434589800443,0.4662253366845601
516,Fusion,High_Health_Utilizer,Health_Util_Features,Full_dataset,0,0,0.4489544895448955,0.802660753880266,0.46590616410512303
517,Fusion,High_Health_Utilizer,Health_Util_Features,Full_dataset,0,0,0.45182451824518244,0.802660753880266,0.4651304685912325
518,Fusion,High_Health_Utilizer,Health_Util_Features,Full_dataset,0,0,0.45182451824518244,0.8048780487804879,0.4649412530987036
519,Fusion,High_Health_Utilizer,Health_Util_Features,Full_dataset,0,0,0.45469454694546946,0.8048780487804879,0.4640522649994798
520,Fusion,High_Health_Utilizer,Health_Util_Features,Full_dataset,0,0,0.45469454694546946,0.8070953436807096,0.464003988791835
521,Fusion,High_Health_Utilizer,Health_Util_Features,Full_dataset,0,0,0.45674456744567443,0.8070953436807096,0.463124969797586
522,Fusion,High_Health_Utilizer,Health_Util_Features,Full_dataset,0,0,0.45674456744567443,0.8093126385809313,0.4619631208518629
523,Fusion,High_Health_Utilizer,Health_Util_Features,Full_dataset,0,0,0.46002460024600245,0.8093126385809313,0.46047429473705975
524,Fusion,High_Health_Utilizer,Health_Util_Features,Full_dataset,0,0,0.46002460024600245,0.811529933481153,0.4603175447216629
525,Fusion,High_Health_Utilizer,Health_Util_Features,Full_dataset,0,0,0.47191471914719146,0.811529933481153,0.4553532745697641
526,Fusion,High_Health_Utilizer,Health_Util_Features,Full_dataset,0,0,0.47191471914719146,0.8137472283813747,0.454862571341672
527,Fusion,High_Health_Utilizer,Health_Util_Features,Full_dataset,0,0,0.47642476424764246,0.8137472283813747,0.4503769579913948
528,Fusion,High_Health_Utilizer,Health_Util_Features,Full_dataset,0,0,0.47642476424764246,0.8159645232815964,0.45003923150488323
529,Fusion,High_Health_Utilizer,Health_Util_Features,Full_dataset,0,0,0.4788847888478885,0.8159645232815964,0.448235577154758
530,Fusion,High_Health_Utilizer,Health_Util_Features,Full_dataset,0,0,0.4788847888478885,0.8181818181818182,0.4479761007479447
531,Fusion,High_Health_Utilizer,Health_Util_Features,Full_dataset,0,0,0.4838048380483805,0.8181818181818182,0.44556479821940675
532,Fusion,High_Health_Utilizer,Health_Util_Features,Full_dataset,0,0,0.4838048380483805,0.8203991130820399,0.44526082885878426
533,Fusion,High_Health_Utilizer,Health_Util_Features,Full_dataset,0,0,0.48913489134891347,0.8203991130820399,0.4396509473317942
534,Fusion,High_Health_Utilizer,Health_Util_Features,Full_dataset,0,0,0.48913489134891347,0.8248337028824834,0.4375695164823526
535,Fusion,High_Health_Utilizer,Health_Util_Features,Full_dataset,0,0,0.4911849118491185,0.8248337028824834,0.4367036547847324
536,Fusion,High_Health_Utilizer,Health_Util_Features,Full_dataset,0,0,0.4911849118491185,0.8270509977827051,0.436662191585514
537,Fusion,High_Health_Utilizer,Health_Util_Features,Full_dataset,0,0,0.4915949159491595,0.8270509977827051,0.4366323014843943
538,Fusion,High_Health_Utilizer,Health_Util_Features,Full_dataset,0,0,0.4915949159491595,0.8314855875831486,0.4363857984014063
539,Fusion,High_Health_Utilizer,Health_Util_Features,Full_dataset,0,0,0.4920049200492005,0.8314855875831486,0.43609610847364594
540,Fusion,High_Health_Utilizer,Health_Util_Features,Full_dataset,0,0,0.4920049200492005,0.8337028824833703,0.43585900770031677
541,Fusion,High_Health_Utilizer,Health_Util_Features,Full_dataset,0,0,0.4956949569495695,0.8337028824833703,0.43344341147747784
542,Fusion,High_Health_Utilizer,Health_Util_Features,Full_dataset,0,0,0.4956949569495695,0.8381374722838137,0.4331571128305633
543,Fusion,High_Health_Utilizer,Health_Util_Features,Full_dataset,0,0,0.4973349733497335,0.8381374722838137,0.4327096894573509
544,Fusion,High_Health_Utilizer,Health_Util_Features,Full_dataset,0,0,0.4973349733497335,0.8403547671840355,0.4326963698790517
545,Fusion,High_Health_Utilizer,Health_Util_Features,Full_dataset,0,0,0.5014350143501435,0.8403547671840355,0.4307165752322063
546,Fusion,High_Health_Utilizer,Health_Util_Features,Full_dataset,0,0,0.5014350143501435,0.8425720620842572,0.43047361805050466
547,Fusion,High_Health_Utilizer,Health_Util_Features,Full_dataset,0,0,0.5051250512505125,0.8425720620842572,0.42858651019338323
548,Fusion,High_Health_Utilizer,Health_Util_Features,Full_dataset,0,0,0.5051250512505125,0.844789356984479,0.42846766008039305
549,Fusion,High_Health_Utilizer,Health_Util_Features,Full_dataset,0,0,0.5063550635506355,0.844789356984479,0.4283461186007153
550,Fusion,High_Health_Utilizer,Health_Util_Features,Full_dataset,0,0,0.5063550635506355,0.8470066518847007,0.42775767671280457
551,Fusion,High_Health_Utilizer,Health_Util_Features,Full_dataset,0,0,0.5096350963509635,0.8470066518847007,0.42549075327275204
552,Fusion,High_Health_Utilizer,Health_Util_Features,Full_dataset,0,0,0.5096350963509635,0.8492239467849224,0.42541483241958156
553,Fusion,High_Health_Utilizer,Health_Util_Features,Full_dataset,0,0,0.5116851168511685,0.8492239467849224,0.42468227647648554
554,Fusion,High_Health_Utilizer,Health_Util_Features,Full_dataset,0,0,0.5116851168511685,0.8514412416851441,0.4243103334047198
555,Fusion,High_Health_Utilizer,Health_Util_Features,Full_dataset,0,0,0.5133251332513326,0.8514412416851441,0.42333176447343784
556,Fusion,High_Health_Utilizer,Health_Util_Features,Full_dataset,0,0,0.5133251332513326,0.8536585365853658,0.42332784148938335
557,Fusion,High_Health_Utilizer,Health_Util_Features,Full_dataset,0,0,0.5231652316523165,0.8536585365853658,0.4163111386033687
558,Fusion,High_Health_Utilizer,Health_Util_Features,Full_dataset,0,0,0.5231652316523165,0.8558758314855875,0.41594256192907963
559,Fusion,High_Health_Utilizer,Health_Util_Features,Full_dataset,0,0,0.5235752357523575,0.8558758314855875,0.41564514990147916
560,Fusion,High_Health_Utilizer,Health_Util_Features,Full_dataset,0,0,0.5235752357523575,0.8580931263858093,0.4154508233220202
561,Fusion,High_Health_Utilizer,Health_Util_Features,Full_dataset,0,0,0.5252152521525215,0.8580931263858093,0.4149388588897068
562,Fusion,High_Health_Utilizer,Health_Util_Features,Full_dataset,0,0,0.5252152521525215,0.8603104212860311,0.4148738669963061
563,Fusion,High_Health_Utilizer,Health_Util_Features,Full_dataset,0,0,0.5260352603526035,0.8603104212860311,0.4147461045871361
564,Fusion,High_Health_Utilizer,Health_Util_Features,Full_dataset,0,0,0.5260352603526035,0.8625277161862528,0.4140970220804579
565,Fusion,High_Health_Utilizer,Health_Util_Features,Full_dataset,0,0,0.5268552685526855,0.8625277161862528,0.4136630804488388
566,Fusion,High_Health_Utilizer,Health_Util_Features,Full_dataset,0,0,0.5268552685526855,0.8647450110864745,0.4132924854961111
567,Fusion,High_Health_Utilizer,Health_Util_Features,Full_dataset,0,0,0.5321853218532185,0.8647450110864745,0.4099690907272917
568,Fusion,High_Health_Utilizer,Health_Util_Features,Full_dataset,0,0,0.5321853218532185,0.8691796008869179,0.409620343968048
569,Fusion,High_Health_Utilizer,Health_Util_Features,Full_dataset,0,0,0.5375153751537516,0.8691796008869179,0.40694938051334334
570,Fusion,High_Health_Utilizer,Health_Util_Features,Full_dataset,0,0,0.5375153751537516,0.8713968957871396,0.40654689375686215
571,Fusion,High_Health_Utilizer,Health_Util_Features,Full_dataset,0,0,0.5399753997539976,0.8713968957871396,0.4059288577811691
572,Fusion,High_Health_Utilizer,Health_Util_Features,Full_dataset,0,0,0.5399753997539976,0.8736141906873615,0.40552381793013476
573,Fusion,High_Health_Utilizer,Health_Util_Features,Full_dataset,0,0,0.5420254202542025,0.8736141906873615,0.4041192678438041
574,Fusion,High_Health_Utilizer,Health_Util_Features,Full_dataset,0,0,0.5420254202542025,0.8758314855875832,0.40385407895533826
575,Fusion,High_Health_Utilizer,Health_Util_Features,Full_dataset,0,0,0.5428454284542845,0.8758314855875832,0.4035263769942618
576,Fusion,High_Health_Utilizer,Health_Util_Features,Full_dataset,0,0,0.5428454284542845,0.8780487804878049,0.40339799646344254
577,Fusion,High_Health_Utilizer,Health_Util_Features,Full_dataset,0,0,0.5436654366543665,0.8780487804878049,0.40311375055170195
578,Fusion,High_Health_Utilizer,Health_Util_Features,Full_dataset,0,0,0.5436654366543665,0.8802660753880266,0.4030475154831303
579,Fusion,High_Health_Utilizer,Health_Util_Features,Full_dataset,0,0,0.5457154571545716,0.8802660753880266,0.40182529991240684
580,Fusion,High_Health_Utilizer,Health_Util_Features,Full_dataset,0,0,0.5457154571545716,0.8824833702882483,0.4014367643393962
581,Fusion,High_Health_Utilizer,Health_Util_Features,Full_dataset,0,0,0.5481754817548176,0.8824833702882483,0.4004377566444316
582,Fusion,High_Health_Utilizer,Health_Util_Features,Full_dataset,0,0,0.5481754817548176,0.88470066518847,0.40041741127480474
583,Fusion,High_Health_Utilizer,Health_Util_Features,Full_dataset,0,0,0.5494054940549405,0.88470066518847,0.3991232821012874
584,Fusion,High_Health_Utilizer,Health_Util_Features,Full_dataset,0,0,0.5494054940549405,0.8869179600886918,0.3989437766227497
585,Fusion,High_Health_Utilizer,Health_Util_Features,Full_dataset,0,0,0.5514555145551455,0.8869179600886918,0.39752423515524826
586,Fusion,High_Health_Utilizer,Health_Util_Features,Full_dataset,0,0,0.5514555145551455,0.8891352549889135,0.3969139161213644
587,Fusion,High_Health_Utilizer,Health_Util_Features,Full_dataset,0,0,0.5588355883558835,0.8891352549889135,0.39173724372016894
588,Fusion,High_Health_Utilizer,Health_Util_Features,Full_dataset,0,0,0.5588355883558835,0.8913525498891353,0.39124433096471684
589,Fusion,High_Health_Utilizer,Health_Util_Features,Full_dataset,0,0,0.5621156211562116,0.8913525498891353,0.3897368826848341
590,Fusion,High_Health_Utilizer,Health_Util_Features,Full_dataset,0,0,0.5621156211562116,0.8957871396895787,0.3888264724924106
591,Fusion,High_Health_Utilizer,Health_Util_Features,Full_dataset,0,0,0.5711357113571136,0.8957871396895787,0.38137804781980317
592,Fusion,High_Health_Utilizer,Health_Util_Features,Full_dataset,0,0,0.5711357113571136,0.8980044345898004,0.3805241997304205
593,Fusion,High_Health_Utilizer,Health_Util_Features,Full_dataset,0,0,0.5715457154571546,0.8980044345898004,0.3802055460120102
594,Fusion,High_Health_Utilizer,Health_Util_Features,Full_dataset,0,0,0.5715457154571546,0.9002217294900222,0.3801604114483691
595,Fusion,High_Health_Utilizer,Health_Util_Features,Full_dataset,0,0,0.5740057400574006,0.9002217294900222,0.37841668847942755
596,Fusion,High_Health_Utilizer,Health_Util_Features,Full_dataset,0,0,0.5740057400574006,0.9046563192904656,0.378291085115955
597,Fusion,High_Health_Utilizer,Health_Util_Features,Full_dataset,0,0,0.5781057810578106,0.9046563192904656,0.37495506143316815
598,Fusion,High_Health_Utilizer,Health_Util_Features,Full_dataset,0,0,0.5781057810578106,0.9068736141906873,0.37489470060336105
599,Fusion,High_Health_Utilizer,Health_Util_Features,Full_dataset,0,0,0.5813858138581386,0.9068736141906873,0.3720238320149904
600,Fusion,High_Health_Utilizer,Health_Util_Features,Full_dataset,0,0,0.5813858138581386,0.9090909090909091,0.3719642213799191
601,Fusion,High_Health_Utilizer,Health_Util_Features,Full_dataset,0,0,0.5928659286592866,0.9090909090909091,0.3659087887046067
602,Fusion,High_Health_Utilizer,Health_Util_Features,Full_dataset,0,0,0.5928659286592866,0.9135254988913526,0.3643584604895508
603,Fusion,High_Health_Utilizer,Health_Util_Features,Full_dataset,0,0,0.5936859368593685,0.9135254988913526,0.36421625261412055
604,Fusion,High_Health_Utilizer,Health_Util_Features,Full_dataset,0,0,0.5936859368593685,0.9157427937915743,0.36410763335892476
605,Fusion,High_Health_Utilizer,Health_Util_Features,Full_dataset,0,0,0.5998359983599836,0.9157427937915743,0.35999261632294766
606,Fusion,High_Health_Utilizer,Health_Util_Features,Full_dataset,0,0,0.5998359983599836,0.917960088691796,0.35831428464140636
607,Fusion,High_Health_Utilizer,Health_Util_Features,Full_dataset,0,0,0.6047560475604756,0.917960088691796,0.35340086728180414
608,Fusion,High_Health_Utilizer,Health_Util_Features,Full_dataset,0,0,0.6047560475604756,0.9201773835920177,0.3531192818075003
609,Fusion,High_Health_Utilizer,Health_Util_Features,Full_dataset,0,0,0.6125461254612546,0.9201773835920177,0.3465187558278914
610,Fusion,High_Health_Utilizer,Health_Util_Features,Full_dataset,0,0,0.6125461254612546,0.9223946784922394,0.3465074062651507
611,Fusion,High_Health_Utilizer,Health_Util_Features,Full_dataset,0,0,0.6191061910619107,0.9223946784922394,0.3406360767469806
612,Fusion,High_Health_Utilizer,Health_Util_Features,Full_dataset,0,0,0.6191061910619107,0.9246119733924612,0.3405443562562524
613,Fusion,High_Health_Utilizer,Health_Util_Features,Full_dataset,0,0,0.6211562115621156,0.9246119733924612,0.3389087623389353
614,Fusion,High_Health_Utilizer,Health_Util_Features,Full_dataset,0,0,0.6211562115621156,0.926829268292683,0.3385487777281803
615,Fusion,High_Health_Utilizer,Health_Util_Features,Full_dataset,0,0,0.6219762197621976,0.926829268292683,0.33729091041745773
616,Fusion,High_Health_Utilizer,Health_Util_Features,Full_dataset,0,0,0.6219762197621976,0.9290465631929047,0.3368275909937965
617,Fusion,High_Health_Utilizer,Health_Util_Features,Full_dataset,0,0,0.6236162361623616,0.9290465631929047,0.33456426791530475
618,Fusion,High_Health_Utilizer,Health_Util_Features,Full_dataset,0,0,0.6236162361623616,0.9312638580931264,0.3345622035193029
619,Fusion,High_Health_Utilizer,Health_Util_Features,Full_dataset,0,0,0.6293562935629357,0.9312638580931264,0.3290356482233738
620,Fusion,High_Health_Utilizer,Health_Util_Features,Full_dataset,0,0,0.6293562935629357,0.9334811529933481,0.3284342090786729
621,Fusion,High_Health_Utilizer,Health_Util_Features,Full_dataset,0,0,0.6342763427634276,0.9334811529933481,0.3256566119596766
622,Fusion,High_Health_Utilizer,Health_Util_Features,Full_dataset,0,0,0.6342763427634276,0.9356984478935698,0.32549503694678683
623,Fusion,High_Health_Utilizer,Health_Util_Features,Full_dataset,0,0,0.6506765067650676,0.9356984478935698,0.3143843213244698
624,Fusion,High_Health_Utilizer,Health_Util_Features,Full_dataset,0,0,0.6506765067650676,0.9379157427937915,0.3143334213279529
625,Fusion,High_Health_Utilizer,Health_Util_Features,Full_dataset,0,0,0.6564165641656416,0.9379157427937915,0.30859660294938934
626,Fusion,High_Health_Utilizer,Health_Util_Features,Full_dataset,0,0,0.6564165641656416,0.9401330376940134,0.3076921281580473
627,Fusion,High_Health_Utilizer,Health_Util_Features,Full_dataset,0,0,0.6576465764657646,0.9401330376940134,0.3068511669826153
628,Fusion,High_Health_Utilizer,Health_Util_Features,Full_dataset,0,0,0.6576465764657646,0.9423503325942351,0.3067757483318284
629,Fusion,High_Health_Utilizer,Health_Util_Features,Full_dataset,0,0,0.6605166051660517,0.9423503325942351,0.3048341670286442
630,Fusion,High_Health_Utilizer,Health_Util_Features,Full_dataset,0,0,0.6605166051660517,0.9445676274944568,0.3042972334138166
631,Fusion,High_Health_Utilizer,Health_Util_Features,Full_dataset,0,0,0.6650266502665027,0.9445676274944568,0.301861404196397
632,Fusion,High_Health_Utilizer,Health_Util_Features,Full_dataset,0,0,0.6650266502665027,0.9467849223946785,0.3015669390111158
633,Fusion,High_Health_Utilizer,Health_Util_Features,Full_dataset,0,0,0.6666666666666666,0.9467849223946785,0.2991240047459856
634,Fusion,High_Health_Utilizer,Health_Util_Features,Full_dataset,0,0,0.6666666666666666,0.9490022172949002,0.2989769468431589
635,Fusion,High_Health_Utilizer,Health_Util_Features,Full_dataset,0,0,0.6674866748667486,0.9490022172949002,0.29834503153085373
636,Fusion,High_Health_Utilizer,Health_Util_Features,Full_dataset,0,0,0.6674866748667486,0.9512195121951219,0.29646039041805844
637,Fusion,High_Health_Utilizer,Health_Util_Features,Full_dataset,0,0,0.6695366953669537,0.9512195121951219,0.29300571196095754
638,Fusion,High_Health_Utilizer,Health_Util_Features,Full_dataset,0,0,0.6695366953669537,0.9534368070953437,0.2929593178609444
639,Fusion,High_Health_Utilizer,Health_Util_Features,Full_dataset,0,0,0.6810168101681017,0.9534368070953437,0.278563139774776
640,Fusion,High_Health_Utilizer,Health_Util_Features,Full_dataset,0,0,0.6810168101681017,0.9556541019955654,0.277719248072185
641,Fusion,High_Health_Utilizer,Health_Util_Features,Full_dataset,0,0,0.7023370233702337,0.9556541019955654,0.26098299035515177
642,Fusion,High_Health_Utilizer,Health_Util_Features,Full_dataset,0,0,0.7023370233702337,0.9578713968957872,0.2609130271845897
643,Fusion,High_Health_Utilizer,Health_Util_Features,Full_dataset,0,0,0.7047970479704797,0.9578713968957872,0.258837257573817
644,Fusion,High_Health_Utilizer,Health_Util_Features,Full_dataset,0,0,0.7047970479704797,0.9600886917960089,0.25842390718131575
645,Fusion,High_Health_Utilizer,Health_Util_Features,Full_dataset,0,0,0.7146371463714637,0.9600886917960089,0.25067771406311784
646,Fusion,High_Health_Utilizer,Health_Util_Features,Full_dataset,0,0,0.7146371463714637,0.9623059866962306,0.2506071463127003
647,Fusion,High_Health_Utilizer,Health_Util_Features,Full_dataset,0,0,0.7158671586715867,0.9623059866962306,0.2498306472375483
648,Fusion,High_Health_Utilizer,Health_Util_Features,Full_dataset,0,0,0.7158671586715867,0.9645232815964523,0.24945573708879412
649,Fusion,High_Health_Utilizer,Health_Util_Features,Full_dataset,0,0,0.7228372283722837,0.9645232815964523,0.2420744814763898
650,Fusion,High_Health_Utilizer,Health_Util_Features,Full_dataset,0,0,0.7228372283722837,0.9667405764966741,0.24094569325650173
651,Fusion,High_Health_Utilizer,Health_Util_Features,Full_dataset,0,0,0.7265272652726528,0.9667405764966741,0.23854671613367526
652,Fusion,High_Health_Utilizer,Health_Util_Features,Full_dataset,0,0,0.7265272652726528,0.9689578713968958,0.23844493050062857
653,Fusion,High_Health_Utilizer,Health_Util_Features,Full_dataset,0,0,0.7302173021730217,0.9689578713968958,0.23538195443691526
654,Fusion,High_Health_Utilizer,Health_Util_Features,Full_dataset,0,0,0.7302173021730217,0.9711751662971175,0.23320262159027547
655,Fusion,High_Health_Utilizer,Health_Util_Features,Full_dataset,0,0,0.7679376793767938,0.9711751662971175,0.20702100083664352
656,Fusion,High_Health_Utilizer,Health_Util_Features,Full_dataset,0,0,0.7679376793767938,0.9733924611973392,0.2069316126616553
657,Fusion,High_Health_Utilizer,Health_Util_Features,Full_dataset,0,0,0.7839278392783928,0.9733924611973392,0.19963697743104578
658,Fusion,High_Health_Utilizer,Health_Util_Features,Full_dataset,0,0,0.7839278392783928,0.975609756097561,0.19940771777674632
659,Fusion,High_Health_Utilizer,Health_Util_Features,Full_dataset,0,0,0.7908979089790897,0.975609756097561,0.19471799921241875
660,Fusion,High_Health_Utilizer,Health_Util_Features,Full_dataset,0,0,0.7908979089790897,0.9778270509977827,0.19393311612968386
661,Fusion,High_Health_Utilizer,Health_Util_Features,Full_dataset,0,0,0.8183681836818368,0.9778270509977827,0.18247227128968135
662,Fusion,High_Health_Utilizer,Health_Util_Features,Full_dataset,0,0,0.8183681836818368,0.9800443458980045,0.1820522422737597
663,Fusion,High_Health_Utilizer,Health_Util_Features,Full_dataset,0,0,0.8298482984829848,0.9800443458980045,0.17702000101407955
664,Fusion,High_Health_Utilizer,Health_Util_Features,Full_dataset,0,0,0.8298482984829848,0.9822616407982262,0.17686261151204574
665,Fusion,High_Health_Utilizer,Health_Util_Features,Full_dataset,0,0,0.8323083230832309,0.9822616407982262,0.17662013623238967
666,Fusion,High_Health_Utilizer,Health_Util_Features,Full_dataset,0,0,0.8323083230832309,0.9844789356984479,0.1761147103263451
667,Fusion,High_Health_Utilizer,Health_Util_Features,Full_dataset,0,0,0.8466584665846658,0.9844789356984479,0.17078554788787242
668,Fusion,High_Health_Utilizer,Health_Util_Features,Full_dataset,0,0,0.8466584665846658,0.9866962305986696,0.17062573573594916
669,Fusion,High_Health_Utilizer,Health_Util_Features,Full_dataset,0,0,0.8478884788847888,0.9866962305986696,0.17011201873532644
670,Fusion,High_Health_Utilizer,Health_Util_Features,Full_dataset,0,0,0.8478884788847888,0.9889135254988913,0.1697763704909713
671,Fusion,High_Health_Utilizer,Health_Util_Features,Full_dataset,0,0,0.8687986879868799,0.9889135254988913,0.16076892006993787
672,Fusion,High_Health_Utilizer,Health_Util_Features,Full_dataset,0,0,0.8687986879868799,0.991130820399113,0.16071787979519864
673,Fusion,High_Health_Utilizer,Health_Util_Features,Full_dataset,0,0,0.8815088150881509,0.991130820399113,0.1541553622813954
674,Fusion,High_Health_Utilizer,Health_Util_Features,Full_dataset,0,0,0.8815088150881509,0.9933481152993349,0.15392981186988147
675,Fusion,High_Health_Utilizer,Health_Util_Features,Full_dataset,0,0,0.897908979089791,0.9933481152993349,0.14857416182600602
676,Fusion,High_Health_Utilizer,Health_Util_Features,Full_dataset,0,0,0.897908979089791,0.9955654101995566,0.14857107674823972
677,Fusion,High_Health_Utilizer,Health_Util_Features,Full_dataset,0,0,0.966789667896679,0.9955654101995566,0.119361271872979
678,Fusion,High_Health_Utilizer,Health_Util_Features,Full_dataset,0,0,0.966789667896679,0.9977827050997783,0.11930821344386694
679,Fusion,High_Health_Utilizer,Health_Util_Features,Full_dataset,0,0,0.997949979499795,0.9977827050997783,0.09333775864474989
680,Fusion,High_Health_Utilizer,Health_Util_Features,Full_dataset,0,0,0.997949979499795,1.0,0.09224238473347333
681,Fusion,High_Health_Utilizer,Health_Util_Features,Full_dataset,0,0,1.0,1.0,0.08321237119537513
